modelo;fold_externo;fold_interno;parametros;c_index_validacao_interna;n_genes_inner
CoxPH;1;1;penalizer=0.1;;
CoxPH;1;2;penalizer=0.1;;
CoxPH;1;3;penalizer=0.1;;
CoxPH;1;1;penalizer=1.0;;
CoxPH;1;2;penalizer=1.0;;
CoxPH;1;3;penalizer=1.0;;
CoxPH;1;1;penalizer=10.0;;
CoxPH;1;2;penalizer=10.0;;
CoxPH;1;3;penalizer=10.0;;
CoxPH;2;1;penalizer=0.1;;
CoxPH;2;2;penalizer=0.1;;
CoxPH;2;3;penalizer=0.1;;
CoxPH;2;1;penalizer=1.0;;
CoxPH;2;2;penalizer=1.0;;
CoxPH;2;3;penalizer=1.0;;
CoxPH;2;1;penalizer=10.0;;
CoxPH;2;2;penalizer=10.0;;
CoxPH;2;3;penalizer=10.0;;
CoxPH;3;1;penalizer=0.1;;
CoxPH;3;2;penalizer=0.1;;
CoxPH;3;3;penalizer=0.1;;
CoxPH;3;1;penalizer=1.0;;
CoxPH;3;2;penalizer=1.0;;
CoxPH;3;3;penalizer=1.0;;
CoxPH;3;1;penalizer=10.0;;
CoxPH;3;2;penalizer=10.0;;
CoxPH;3;3;penalizer=10.0;;
CoxPH;4;1;penalizer=0.1;;
CoxPH;4;2;penalizer=0.1;;
CoxPH;4;3;penalizer=0.1;;
CoxPH;4;1;penalizer=1.0;;
CoxPH;4;2;penalizer=1.0;;
CoxPH;4;3;penalizer=1.0;;
CoxPH;4;1;penalizer=10.0;;
CoxPH;4;2;penalizer=10.0;;
CoxPH;4;3;penalizer=10.0;;
CoxPH;5;1;penalizer=0.1;;
CoxPH;5;2;penalizer=0.1;;
CoxPH;5;3;penalizer=0.1;;
CoxPH;5;1;penalizer=1.0;;
CoxPH;5;2;penalizer=1.0;;
CoxPH;5;3;penalizer=1.0;;
CoxPH;5;1;penalizer=10.0;;
CoxPH;5;2;penalizer=10.0;;
CoxPH;5;3;penalizer=10.0;;
Weibull AFT;1;1;penalizer=0.1;;
Weibull AFT;1;2;penalizer=0.1;;
Weibull AFT;1;3;penalizer=0.1;;
Weibull AFT;1;1;penalizer=1.0;;
Weibull AFT;1;2;penalizer=1.0;;
Weibull AFT;1;3;penalizer=1.0;;
Weibull AFT;1;1;penalizer=10.0;;
Weibull AFT;1;2;penalizer=10.0;;
Weibull AFT;1;3;penalizer=10.0;;
Weibull AFT;2;1;penalizer=0.1;;
Weibull AFT;2;2;penalizer=0.1;;
Weibull AFT;2;3;penalizer=0.1;;
Weibull AFT;2;1;penalizer=1.0;;
Weibull AFT;2;2;penalizer=1.0;;
Weibull AFT;2;3;penalizer=1.0;;
Weibull AFT;2;1;penalizer=10.0;;
Weibull AFT;2;2;penalizer=10.0;;
Weibull AFT;2;3;penalizer=10.0;;
Weibull AFT;3;1;penalizer=0.1;;
Weibull AFT;3;2;penalizer=0.1;;
Weibull AFT;3;3;penalizer=0.1;;
Weibull AFT;3;1;penalizer=1.0;;
Weibull AFT;3;2;penalizer=1.0;;
Weibull AFT;3;3;penalizer=1.0;;
Weibull AFT;3;1;penalizer=10.0;;
Weibull AFT;3;2;penalizer=10.0;;
Weibull AFT;3;3;penalizer=10.0;;
Weibull AFT;4;1;penalizer=0.1;;
Weibull AFT;4;2;penalizer=0.1;;
Weibull AFT;4;3;penalizer=0.1;;
Weibull AFT;4;1;penalizer=1.0;;
Weibull AFT;4;2;penalizer=1.0;;
Weibull AFT;4;3;penalizer=1.0;;
Weibull AFT;4;1;penalizer=10.0;;
Weibull AFT;4;2;penalizer=10.0;;
Weibull AFT;4;3;penalizer=10.0;;
Weibull AFT;5;1;penalizer=0.1;;
Weibull AFT;5;2;penalizer=0.1;;
Weibull AFT;5;3;penalizer=0.1;;
Weibull AFT;5;1;penalizer=1.0;;
Weibull AFT;5;2;penalizer=1.0;;
Weibull AFT;5;3;penalizer=1.0;;
Weibull AFT;5;1;penalizer=10.0;;
Weibull AFT;5;2;penalizer=10.0;;
Weibull AFT;5;3;penalizer=10.0;;
RSF;1;1;"n_estimators=100; min_samples_split=15; min_samples_leaf=10; max_features=sqrt";0.5593936381709742;13.0
RSF;1;2;"n_estimators=100; min_samples_split=15; min_samples_leaf=10; max_features=sqrt";0.6460575719649562;8.0
RSF;1;3;"n_estimators=100; min_samples_split=15; min_samples_leaf=10; max_features=sqrt";0.5966346153846154;9.0
RSF;1;1;"n_estimators=100; min_samples_split=15; min_samples_leaf=10; max_features=5";0.5603876739562624;13.0
RSF;1;2;"n_estimators=100; min_samples_split=15; min_samples_leaf=10; max_features=5";0.6575719649561953;8.0
RSF;1;3;"n_estimators=100; min_samples_split=15; min_samples_leaf=10; max_features=5";0.6021634615384616;9.0
RSF;1;1;"n_estimators=100; min_samples_split=15; min_samples_leaf=20; max_features=sqrt";0.5757952286282306;13.0
RSF;1;2;"n_estimators=100; min_samples_split=15; min_samples_leaf=20; max_features=sqrt";0.6505632040050062;8.0
RSF;1;3;"n_estimators=100; min_samples_split=15; min_samples_leaf=20; max_features=sqrt";0.5966346153846154;9.0
RSF;1;1;"n_estimators=100; min_samples_split=15; min_samples_leaf=20; max_features=5";0.554920477137177;13.0
RSF;1;2;"n_estimators=100; min_samples_split=15; min_samples_leaf=20; max_features=5";0.6525657071339174;8.0
RSF;1;3;"n_estimators=100; min_samples_split=15; min_samples_leaf=20; max_features=5";0.5942307692307692;9.0
RSF;1;1;"n_estimators=100; min_samples_split=25; min_samples_leaf=10; max_features=sqrt";0.5680914512922465;13.0
RSF;1;2;"n_estimators=100; min_samples_split=25; min_samples_leaf=10; max_features=sqrt";0.6478097622027534;8.0
RSF;1;3;"n_estimators=100; min_samples_split=25; min_samples_leaf=10; max_features=sqrt";0.5879807692307693;9.0
RSF;1;1;"n_estimators=100; min_samples_split=25; min_samples_leaf=10; max_features=5";0.5785288270377733;13.0
RSF;1;2;"n_estimators=100; min_samples_split=25; min_samples_leaf=10; max_features=5";0.6623279098873592;8.0
RSF;1;3;"n_estimators=100; min_samples_split=25; min_samples_leaf=10; max_features=5";0.5879807692307693;9.0
RSF;1;1;"n_estimators=100; min_samples_split=25; min_samples_leaf=20; max_features=sqrt";0.5757952286282306;13.0
RSF;1;2;"n_estimators=100; min_samples_split=25; min_samples_leaf=20; max_features=sqrt";0.6505632040050062;8.0
RSF;1;3;"n_estimators=100; min_samples_split=25; min_samples_leaf=20; max_features=sqrt";0.5966346153846154;9.0
RSF;1;1;"n_estimators=100; min_samples_split=25; min_samples_leaf=20; max_features=5";0.554920477137177;13.0
RSF;1;2;"n_estimators=100; min_samples_split=25; min_samples_leaf=20; max_features=5";0.6525657071339174;8.0
RSF;1;3;"n_estimators=100; min_samples_split=25; min_samples_leaf=20; max_features=5";0.5942307692307692;9.0
RSF;1;1;"n_estimators=200; min_samples_split=15; min_samples_leaf=10; max_features=sqrt";0.5775347912524851;13.0
RSF;1;2;"n_estimators=200; min_samples_split=15; min_samples_leaf=10; max_features=sqrt";0.6505632040050062;8.0
RSF;1;3;"n_estimators=200; min_samples_split=15; min_samples_leaf=10; max_features=sqrt";0.5862980769230769;9.0
RSF;1;1;"n_estimators=200; min_samples_split=15; min_samples_leaf=10; max_features=5";0.5705765407554672;13.0
RSF;1;2;"n_estimators=200; min_samples_split=15; min_samples_leaf=10; max_features=5";0.6493116395494368;8.0
RSF;1;3;"n_estimators=200; min_samples_split=15; min_samples_leaf=10; max_features=5";0.5923076923076923;9.0
RSF;1;1;"n_estimators=200; min_samples_split=15; min_samples_leaf=20; max_features=sqrt";0.5785288270377733;13.0
RSF;1;2;"n_estimators=200; min_samples_split=15; min_samples_leaf=20; max_features=sqrt";0.6545682102628285;8.0
RSF;1;3;"n_estimators=200; min_samples_split=15; min_samples_leaf=20; max_features=sqrt";0.5867788461538461;9.0
RSF;1;1;"n_estimators=200; min_samples_split=15; min_samples_leaf=20; max_features=5";0.5611332007952287;13.0
RSF;1;2;"n_estimators=200; min_samples_split=15; min_samples_leaf=20; max_features=5";0.6565707133917397;8.0
RSF;1;3;"n_estimators=200; min_samples_split=15; min_samples_leaf=20; max_features=5";0.5971153846153846;9.0
RSF;1;1;"n_estimators=200; min_samples_split=25; min_samples_leaf=10; max_features=sqrt";0.5864811133200796;13.0
RSF;1;2;"n_estimators=200; min_samples_split=25; min_samples_leaf=10; max_features=sqrt";0.6543178973717146;8.0
RSF;1;3;"n_estimators=200; min_samples_split=25; min_samples_leaf=10; max_features=sqrt";0.5762019230769231;9.0
RSF;1;1;"n_estimators=200; min_samples_split=25; min_samples_leaf=10; max_features=5";0.577037773359841;13.0
RSF;1;2;"n_estimators=200; min_samples_split=25; min_samples_leaf=10; max_features=5";0.6500625782227785;8.0
RSF;1;3;"n_estimators=200; min_samples_split=25; min_samples_leaf=10; max_features=5";0.5911057692307692;9.0
RSF;1;1;"n_estimators=200; min_samples_split=25; min_samples_leaf=20; max_features=sqrt";0.5785288270377733;13.0
RSF;1;2;"n_estimators=200; min_samples_split=25; min_samples_leaf=20; max_features=sqrt";0.6545682102628285;8.0
RSF;1;3;"n_estimators=200; min_samples_split=25; min_samples_leaf=20; max_features=sqrt";0.5867788461538461;9.0
RSF;1;1;"n_estimators=200; min_samples_split=25; min_samples_leaf=20; max_features=5";0.5611332007952287;13.0
RSF;1;2;"n_estimators=200; min_samples_split=25; min_samples_leaf=20; max_features=5";0.6565707133917397;8.0
RSF;1;3;"n_estimators=200; min_samples_split=25; min_samples_leaf=20; max_features=5";0.5971153846153846;9.0
RSF;2;1;"n_estimators=100; min_samples_split=15; min_samples_leaf=10; max_features=sqrt";0.5921908893709328;8.0
RSF;2;2;"n_estimators=100; min_samples_split=15; min_samples_leaf=10; max_features=sqrt";0.5608395324123273;13.0
RSF;2;3;"n_estimators=100; min_samples_split=15; min_samples_leaf=10; max_features=sqrt";0.5606100447015514;3.0
RSF;2;1;"n_estimators=100; min_samples_split=15; min_samples_leaf=10; max_features=5";0.601349722824777;8.0
RSF;2;2;"n_estimators=100; min_samples_split=15; min_samples_leaf=10; max_features=5";0.5393198724760893;13.0
RSF;2;3;"n_estimators=100; min_samples_split=15; min_samples_leaf=10; max_features=5";0.5556139889560873;3.0
RSF;2;1;"n_estimators=100; min_samples_split=15; min_samples_leaf=20; max_features=sqrt";0.6011087008917811;8.0
RSF;2;2;"n_estimators=100; min_samples_split=15; min_samples_leaf=20; max_features=sqrt";0.5326780021253985;13.0
RSF;2;3;"n_estimators=100; min_samples_split=15; min_samples_leaf=20; max_features=sqrt";0.5448330265579805;3.0
RSF;2;1;"n_estimators=100; min_samples_split=15; min_samples_leaf=20; max_features=5";0.5844781875150639;8.0
RSF;2;2;"n_estimators=100; min_samples_split=15; min_samples_leaf=20; max_features=5";0.5454303931987248;13.0
RSF;2;3;"n_estimators=100; min_samples_split=15; min_samples_leaf=20; max_features=5";0.5556139889560873;3.0
RSF;2;1;"n_estimators=100; min_samples_split=25; min_samples_leaf=10; max_features=sqrt";0.6011087008917811;8.0
RSF;2;2;"n_estimators=100; min_samples_split=25; min_samples_leaf=10; max_features=sqrt";0.5534006376195537;13.0
RSF;2;3;"n_estimators=100; min_samples_split=25; min_samples_leaf=10; max_features=sqrt";0.5666579016565869;3.0
RSF;2;1;"n_estimators=100; min_samples_split=25; min_samples_leaf=10; max_features=5";0.6044830079537238;8.0
RSF;2;2;"n_estimators=100; min_samples_split=25; min_samples_leaf=10; max_features=5";0.5494155154091392;13.0
RSF;2;3;"n_estimators=100; min_samples_split=25; min_samples_leaf=10; max_features=5";0.5606100447015514;3.0
RSF;2;1;"n_estimators=100; min_samples_split=25; min_samples_leaf=20; max_features=sqrt";0.6011087008917811;8.0
RSF;2;2;"n_estimators=100; min_samples_split=25; min_samples_leaf=20; max_features=sqrt";0.5326780021253985;13.0
RSF;2;3;"n_estimators=100; min_samples_split=25; min_samples_leaf=20; max_features=sqrt";0.5448330265579805;3.0
RSF;2;1;"n_estimators=100; min_samples_split=25; min_samples_leaf=20; max_features=5";0.5844781875150639;8.0
RSF;2;2;"n_estimators=100; min_samples_split=25; min_samples_leaf=20; max_features=5";0.5454303931987248;13.0
RSF;2;3;"n_estimators=100; min_samples_split=25; min_samples_leaf=20; max_features=5";0.5556139889560873;3.0
RSF;2;1;"n_estimators=200; min_samples_split=15; min_samples_leaf=10; max_features=sqrt";0.5946011087008918;8.0
RSF;2;2;"n_estimators=200; min_samples_split=15; min_samples_leaf=10; max_features=sqrt";0.553134962805526;13.0
RSF;2;3;"n_estimators=200; min_samples_split=15; min_samples_leaf=10; max_features=sqrt";0.5645542992374442;3.0
RSF;2;1;"n_estimators=200; min_samples_split=15; min_samples_leaf=10; max_features=5";0.5948421306338877;8.0
RSF;2;2;"n_estimators=200; min_samples_split=15; min_samples_leaf=10; max_features=5";0.5491498405951116;13.0
RSF;2;3;"n_estimators=200; min_samples_split=15; min_samples_leaf=10; max_features=5";0.5574546410728373;3.0
RSF;2;1;"n_estimators=200; min_samples_split=15; min_samples_leaf=20; max_features=sqrt";0.5996625692938058;8.0
RSF;2;2;"n_estimators=200; min_samples_split=15; min_samples_leaf=20; max_features=sqrt";0.5363974495217854;13.0
RSF;2;3;"n_estimators=200; min_samples_split=15; min_samples_leaf=20; max_features=sqrt";0.5550880883513016;3.0
RSF;2;1;"n_estimators=200; min_samples_split=15; min_samples_leaf=20; max_features=5";0.5806218365871294;8.0
RSF;2;2;"n_estimators=200; min_samples_split=15; min_samples_leaf=20; max_features=5";0.5499468650371945;13.0
RSF;2;3;"n_estimators=200; min_samples_split=15; min_samples_leaf=20; max_features=5";0.5606100447015514;3.0
RSF;2;1;"n_estimators=200; min_samples_split=25; min_samples_leaf=10; max_features=sqrt";0.5967703060978549;8.0
RSF;2;2;"n_estimators=200; min_samples_split=25; min_samples_leaf=10; max_features=sqrt";0.5518065887353879;13.0
RSF;2;3;"n_estimators=200; min_samples_split=25; min_samples_leaf=10; max_features=sqrt";0.5690244543781225;3.0
RSF;2;1;"n_estimators=200; min_samples_split=25; min_samples_leaf=10; max_features=5";0.5859243191130393;8.0
RSF;2;2;"n_estimators=200; min_samples_split=25; min_samples_leaf=10; max_features=5";0.5579171094580234;13.0
RSF;2;3;"n_estimators=200; min_samples_split=25; min_samples_leaf=10; max_features=5";0.5558769392584801;3.0
RSF;2;1;"n_estimators=200; min_samples_split=25; min_samples_leaf=20; max_features=sqrt";0.5996625692938058;8.0
RSF;2;2;"n_estimators=200; min_samples_split=25; min_samples_leaf=20; max_features=sqrt";0.5363974495217854;13.0
RSF;2;3;"n_estimators=200; min_samples_split=25; min_samples_leaf=20; max_features=sqrt";0.5550880883513016;3.0
RSF;2;1;"n_estimators=200; min_samples_split=25; min_samples_leaf=20; max_features=5";0.5806218365871294;8.0
RSF;2;2;"n_estimators=200; min_samples_split=25; min_samples_leaf=20; max_features=5";0.5499468650371945;13.0
RSF;2;3;"n_estimators=200; min_samples_split=25; min_samples_leaf=20; max_features=5";0.5606100447015514;3.0
RSF;3;1;"n_estimators=100; min_samples_split=15; min_samples_leaf=10; max_features=sqrt";0.6482661004953999;7.0
RSF;3;2;"n_estimators=100; min_samples_split=15; min_samples_leaf=10; max_features=sqrt";0.5846885163872905;12.0
RSF;3;3;"n_estimators=100; min_samples_split=15; min_samples_leaf=10; max_features=sqrt";0.5506887052341598;15.0
RSF;3;1;"n_estimators=100; min_samples_split=15; min_samples_leaf=10; max_features=5";0.6298655343241331;7.0
RSF;3;2;"n_estimators=100; min_samples_split=15; min_samples_leaf=10; max_features=5";0.5726795096322241;12.0
RSF;3;3;"n_estimators=100; min_samples_split=15; min_samples_leaf=10; max_features=5";0.5617079889807163;15.0
RSF;3;1;"n_estimators=100; min_samples_split=15; min_samples_leaf=20; max_features=sqrt";0.6357631516867186;7.0
RSF;3;2;"n_estimators=100; min_samples_split=15; min_samples_leaf=20; max_features=sqrt";0.5774330748061046;12.0
RSF;3;3;"n_estimators=100; min_samples_split=15; min_samples_leaf=20; max_features=sqrt";0.5487603305785124;15.0
RSF;3;1;"n_estimators=100; min_samples_split=15; min_samples_leaf=20; max_features=5";0.6324604859636707;7.0
RSF;3;2;"n_estimators=100; min_samples_split=15; min_samples_leaf=20; max_features=5";0.592694520890668;12.0
RSF;3;3;"n_estimators=100; min_samples_split=15; min_samples_leaf=20; max_features=5";0.5545454545454546;15.0
RSF;3;1;"n_estimators=100; min_samples_split=25; min_samples_leaf=10; max_features=sqrt";0.6499174333569238;7.0
RSF;3;2;"n_estimators=100; min_samples_split=25; min_samples_leaf=10; max_features=sqrt";0.5841881411058294;12.0
RSF;3;3;"n_estimators=100; min_samples_split=25; min_samples_leaf=10; max_features=sqrt";0.556198347107438;15.0
RSF;3;1;"n_estimators=100; min_samples_split=25; min_samples_leaf=10; max_features=5";0.6230242981835339;7.0
RSF;3;2;"n_estimators=100; min_samples_split=25; min_samples_leaf=10; max_features=5";0.5709281961471103;12.0
RSF;3;3;"n_estimators=100; min_samples_split=25; min_samples_leaf=10; max_features=5";0.5633608815426997;15.0
RSF;3;1;"n_estimators=100; min_samples_split=25; min_samples_leaf=20; max_features=sqrt";0.6357631516867186;7.0
RSF;3;2;"n_estimators=100; min_samples_split=25; min_samples_leaf=20; max_features=sqrt";0.5774330748061046;12.0
RSF;3;3;"n_estimators=100; min_samples_split=25; min_samples_leaf=20; max_features=sqrt";0.5487603305785124;15.0
RSF;3;1;"n_estimators=100; min_samples_split=25; min_samples_leaf=20; max_features=5";0.6324604859636707;7.0
RSF;3;2;"n_estimators=100; min_samples_split=25; min_samples_leaf=20; max_features=5";0.592694520890668;12.0
RSF;3;3;"n_estimators=100; min_samples_split=25; min_samples_leaf=20; max_features=5";0.5545454545454546;15.0
RSF;3;1;"n_estimators=200; min_samples_split=15; min_samples_leaf=10; max_features=sqrt";0.6494456239679169;7.0
RSF;3;2;"n_estimators=200; min_samples_split=15; min_samples_leaf=10; max_features=sqrt";0.5936952714535902;12.0
RSF;3;3;"n_estimators=200; min_samples_split=15; min_samples_leaf=10; max_features=sqrt";0.5567493112947658;15.0
RSF;3;1;"n_estimators=200; min_samples_split=15; min_samples_leaf=10; max_features=5";0.6437839112998349;7.0
RSF;3;2;"n_estimators=200; min_samples_split=15; min_samples_leaf=10; max_features=5";0.5866900175131349;12.0
RSF;3;3;"n_estimators=200; min_samples_split=15; min_samples_leaf=10; max_features=5";0.553443526170799;15.0
RSF;3;1;"n_estimators=200; min_samples_split=15; min_samples_leaf=20; max_features=sqrt";0.6428402925218212;7.0
RSF;3;2;"n_estimators=200; min_samples_split=15; min_samples_leaf=20; max_features=sqrt";0.5846885163872905;12.0
RSF;3;3;"n_estimators=200; min_samples_split=15; min_samples_leaf=20; max_features=sqrt";0.5506887052341598;15.0
RSF;3;1;"n_estimators=200; min_samples_split=15; min_samples_leaf=20; max_features=5";0.6430761972163246;7.0
RSF;3;2;"n_estimators=200; min_samples_split=15; min_samples_leaf=20; max_features=5";0.6017012759569678;12.0
RSF;3;3;"n_estimators=200; min_samples_split=15; min_samples_leaf=20; max_features=5";0.5641873278236914;15.0
RSF;3;1;"n_estimators=200; min_samples_split=25; min_samples_leaf=10; max_features=sqrt";0.6416607690493041;7.0
RSF;3;2;"n_estimators=200; min_samples_split=25; min_samples_leaf=10; max_features=sqrt";0.5864398298724043;12.0
RSF;3;3;"n_estimators=200; min_samples_split=25; min_samples_leaf=10; max_features=sqrt";0.5608815426997246;15.0
RSF;3;1;"n_estimators=200; min_samples_split=25; min_samples_leaf=10; max_features=5";0.6385940080207596;7.0
RSF;3;2;"n_estimators=200; min_samples_split=25; min_samples_leaf=10; max_features=5";0.5796847635726795;12.0
RSF;3;3;"n_estimators=200; min_samples_split=25; min_samples_leaf=10; max_features=5";0.5520661157024793;15.0
RSF;3;1;"n_estimators=200; min_samples_split=25; min_samples_leaf=20; max_features=sqrt";0.6428402925218212;7.0
RSF;3;2;"n_estimators=200; min_samples_split=25; min_samples_leaf=20; max_features=sqrt";0.5846885163872905;12.0
RSF;3;3;"n_estimators=200; min_samples_split=25; min_samples_leaf=20; max_features=sqrt";0.5506887052341598;15.0
RSF;3;1;"n_estimators=200; min_samples_split=25; min_samples_leaf=20; max_features=5";0.6430761972163246;7.0
RSF;3;2;"n_estimators=200; min_samples_split=25; min_samples_leaf=20; max_features=5";0.6017012759569678;12.0
RSF;3;3;"n_estimators=200; min_samples_split=25; min_samples_leaf=20; max_features=5";0.5641873278236914;15.0
RSF;4;1;"n_estimators=100; min_samples_split=15; min_samples_leaf=10; max_features=sqrt";0.5986042905143448;8.0
RSF;4;2;"n_estimators=100; min_samples_split=15; min_samples_leaf=10; max_features=sqrt";0.5200488997555012;4.0
RSF;4;3;"n_estimators=100; min_samples_split=15; min_samples_leaf=10; max_features=sqrt";0.5299055613850997;9.0
RSF;4;1;"n_estimators=100; min_samples_split=15; min_samples_leaf=10; max_features=5";0.5944688550012923;8.0
RSF;4;2;"n_estimators=100; min_samples_split=15; min_samples_leaf=10; max_features=5";0.5462102689486552;4.0
RSF;4;3;"n_estimators=100; min_samples_split=15; min_samples_leaf=10; max_features=5";0.5422350472193075;9.0
RSF;4;1;"n_estimators=100; min_samples_split=15; min_samples_leaf=20; max_features=sqrt";0.5675885241664512;8.0
RSF;4;2;"n_estimators=100; min_samples_split=15; min_samples_leaf=20; max_features=sqrt";0.5158924205378973;4.0
RSF;4;3;"n_estimators=100; min_samples_split=15; min_samples_leaf=20; max_features=sqrt";0.5535152151101784;9.0
RSF;4;1;"n_estimators=100; min_samples_split=15; min_samples_leaf=20; max_features=5";0.5851641250969243;8.0
RSF;4;2;"n_estimators=100; min_samples_split=15; min_samples_leaf=20; max_features=5";0.5466992665036675;4.0
RSF;4;3;"n_estimators=100; min_samples_split=15; min_samples_leaf=20; max_features=5";0.5506295907660022;9.0
RSF;4;1;"n_estimators=100; min_samples_split=25; min_samples_leaf=10; max_features=sqrt";0.6019643318686999;8.0
RSF;4;2;"n_estimators=100; min_samples_split=25; min_samples_leaf=10; max_features=sqrt";0.5144254278728606;4.0
RSF;4;3;"n_estimators=100; min_samples_split=25; min_samples_leaf=10; max_features=sqrt";0.5351521511017838;9.0
RSF;4;1;"n_estimators=100; min_samples_split=25; min_samples_leaf=10; max_features=5";0.5849056603773585;8.0
RSF;4;2;"n_estimators=100; min_samples_split=25; min_samples_leaf=10; max_features=5";0.539119804400978;4.0
RSF;4;3;"n_estimators=100; min_samples_split=25; min_samples_leaf=10; max_features=5";0.531479538300105;9.0
RSF;4;1;"n_estimators=100; min_samples_split=25; min_samples_leaf=20; max_features=sqrt";0.5675885241664512;8.0
RSF;4;2;"n_estimators=100; min_samples_split=25; min_samples_leaf=20; max_features=sqrt";0.5158924205378973;4.0
RSF;4;3;"n_estimators=100; min_samples_split=25; min_samples_leaf=20; max_features=sqrt";0.5535152151101784;9.0
RSF;4;1;"n_estimators=100; min_samples_split=25; min_samples_leaf=20; max_features=5";0.5851641250969243;8.0
RSF;4;2;"n_estimators=100; min_samples_split=25; min_samples_leaf=20; max_features=5";0.5466992665036675;4.0
RSF;4;3;"n_estimators=100; min_samples_split=25; min_samples_leaf=20; max_features=5";0.5506295907660022;9.0
RSF;4;1;"n_estimators=200; min_samples_split=15; min_samples_leaf=10; max_features=sqrt";0.5965365727578186;8.0
RSF;4;2;"n_estimators=200; min_samples_split=15; min_samples_leaf=10; max_features=sqrt";0.5171149144254279;4.0
RSF;4;3;"n_estimators=200; min_samples_split=15; min_samples_leaf=10; max_features=sqrt";0.5322665267576075;9.0
RSF;4;1;"n_estimators=200; min_samples_split=15; min_samples_leaf=10; max_features=5";0.5908503489273714;8.0
RSF;4;2;"n_estimators=200; min_samples_split=15; min_samples_leaf=10; max_features=5";0.5420537897310513;4.0
RSF;4;3;"n_estimators=200; min_samples_split=15; min_samples_leaf=10; max_features=5";0.5550891920251836;9.0
RSF;4;1;"n_estimators=200; min_samples_split=15; min_samples_leaf=20; max_features=sqrt";0.5805117601447403;8.0
RSF;4;2;"n_estimators=200; min_samples_split=15; min_samples_leaf=20; max_features=sqrt";0.5154034229828851;4.0
RSF;4;3;"n_estimators=200; min_samples_split=15; min_samples_leaf=20; max_features=sqrt";0.5558761804826863;9.0
RSF;4;1;"n_estimators=200; min_samples_split=15; min_samples_leaf=20; max_features=5";0.5898164900491083;8.0
RSF;4;2;"n_estimators=200; min_samples_split=15; min_samples_leaf=20; max_features=5";0.5290953545232274;4.0
RSF;4;3;"n_estimators=200; min_samples_split=15; min_samples_leaf=20; max_features=5";0.5571878279118573;9.0
RSF;4;1;"n_estimators=200; min_samples_split=25; min_samples_leaf=10; max_features=sqrt";0.6011889377100026;8.0
RSF;4;2;"n_estimators=200; min_samples_split=25; min_samples_leaf=10; max_features=sqrt";0.5122249388753056;4.0
RSF;4;3;"n_estimators=200; min_samples_split=25; min_samples_leaf=10; max_features=sqrt";0.5461699895068206;9.0
RSF;4;1;"n_estimators=200; min_samples_split=25; min_samples_leaf=10; max_features=5";0.5895580253295425;8.0
RSF;4;2;"n_estimators=200; min_samples_split=25; min_samples_leaf=10; max_features=5";0.5356968215158924;4.0
RSF;4;3;"n_estimators=200; min_samples_split=25; min_samples_leaf=10; max_features=5";0.5464323189926548;9.0
RSF;4;1;"n_estimators=200; min_samples_split=25; min_samples_leaf=20; max_features=sqrt";0.5805117601447403;8.0
RSF;4;2;"n_estimators=200; min_samples_split=25; min_samples_leaf=20; max_features=sqrt";0.5154034229828851;4.0
RSF;4;3;"n_estimators=200; min_samples_split=25; min_samples_leaf=20; max_features=sqrt";0.5558761804826863;9.0
RSF;4;1;"n_estimators=200; min_samples_split=25; min_samples_leaf=20; max_features=5";0.5898164900491083;8.0
RSF;4;2;"n_estimators=200; min_samples_split=25; min_samples_leaf=20; max_features=5";0.5290953545232274;4.0
RSF;4;3;"n_estimators=200; min_samples_split=25; min_samples_leaf=20; max_features=5";0.5571878279118573;9.0
RSF;5;1;"n_estimators=100; min_samples_split=15; min_samples_leaf=10; max_features=sqrt";0.5478595478595478;9.0
RSF;5;2;"n_estimators=100; min_samples_split=15; min_samples_leaf=10; max_features=sqrt";0.5586173555716702;2.0
RSF;5;3;"n_estimators=100; min_samples_split=15; min_samples_leaf=10; max_features=sqrt";0.5233213736545361;4.0
RSF;5;1;"n_estimators=100; min_samples_split=15; min_samples_leaf=10; max_features=5";0.5613275613275613;9.0
RSF;5;2;"n_estimators=100; min_samples_split=15; min_samples_leaf=10; max_features=5";0.5586173555716702;2.0
RSF;5;3;"n_estimators=100; min_samples_split=15; min_samples_leaf=10; max_features=5";0.5407483341875962;4.0
RSF;5;1;"n_estimators=100; min_samples_split=15; min_samples_leaf=20; max_features=sqrt";0.543049543049543;9.0
RSF;5;2;"n_estimators=100; min_samples_split=15; min_samples_leaf=20; max_features=sqrt";0.5540246555474981;2.0
RSF;5;3;"n_estimators=100; min_samples_split=15; min_samples_leaf=20; max_features=sqrt";0.5151204510507432;4.0
RSF;5;1;"n_estimators=100; min_samples_split=15; min_samples_leaf=20; max_features=5";0.5531505531505532;9.0
RSF;5;2;"n_estimators=100; min_samples_split=15; min_samples_leaf=20; max_features=5";0.5540246555474981;2.0
RSF;5;3;"n_estimators=100; min_samples_split=15; min_samples_leaf=20; max_features=5";0.5279343926191696;4.0
RSF;5;1;"n_estimators=100; min_samples_split=25; min_samples_leaf=10; max_features=sqrt";0.5589225589225589;9.0
RSF;5;2;"n_estimators=100; min_samples_split=25; min_samples_leaf=10; max_features=sqrt";0.5559584239787285;2.0
RSF;5;3;"n_estimators=100; min_samples_split=25; min_samples_leaf=10; max_features=sqrt";0.518452075858534;4.0
RSF;5;1;"n_estimators=100; min_samples_split=25; min_samples_leaf=10; max_features=5";0.5538720538720538;9.0
RSF;5;2;"n_estimators=100; min_samples_split=25; min_samples_leaf=10; max_features=5";0.5559584239787285;2.0
RSF;5;3;"n_estimators=100; min_samples_split=25; min_samples_leaf=10; max_features=5";0.5238339313172732;4.0
RSF;5;1;"n_estimators=100; min_samples_split=25; min_samples_leaf=20; max_features=sqrt";0.543049543049543;9.0
RSF;5;2;"n_estimators=100; min_samples_split=25; min_samples_leaf=20; max_features=sqrt";0.5540246555474981;2.0
RSF;5;3;"n_estimators=100; min_samples_split=25; min_samples_leaf=20; max_features=sqrt";0.5151204510507432;4.0
RSF;5;1;"n_estimators=100; min_samples_split=25; min_samples_leaf=20; max_features=5";0.5531505531505532;9.0
RSF;5;2;"n_estimators=100; min_samples_split=25; min_samples_leaf=20; max_features=5";0.5540246555474981;2.0
RSF;5;3;"n_estimators=100; min_samples_split=25; min_samples_leaf=20; max_features=5";0.5279343926191696;4.0
RSF;5;1;"n_estimators=200; min_samples_split=15; min_samples_leaf=10; max_features=sqrt";0.5466570466570466;9.0
RSF;5;2;"n_estimators=200; min_samples_split=15; min_samples_leaf=10; max_features=sqrt";0.56369349770365;2.0
RSF;5;3;"n_estimators=200; min_samples_split=15; min_samples_leaf=10; max_features=sqrt";0.5289595079446437;4.0
RSF;5;1;"n_estimators=200; min_samples_split=15; min_samples_leaf=10; max_features=5";0.5642135642135642;9.0
RSF;5;2;"n_estimators=200; min_samples_split=15; min_samples_leaf=10; max_features=5";0.56369349770365;2.0
RSF;5;3;"n_estimators=200; min_samples_split=15; min_samples_leaf=10; max_features=5";0.5399794976934905;4.0
RSF;5;1;"n_estimators=200; min_samples_split=15; min_samples_leaf=20; max_features=sqrt";0.5603655603655604;9.0
RSF;5;2;"n_estimators=200; min_samples_split=15; min_samples_leaf=20; max_features=sqrt";0.546047860768673;2.0
RSF;5;3;"n_estimators=200; min_samples_split=15; min_samples_leaf=20; max_features=sqrt";0.5197334700153767;4.0
RSF;5;1;"n_estimators=200; min_samples_split=15; min_samples_leaf=20; max_features=5";0.564935064935065;9.0
RSF;5;2;"n_estimators=200; min_samples_split=15; min_samples_leaf=20; max_features=5";0.546047860768673;2.0
RSF;5;3;"n_estimators=200; min_samples_split=15; min_samples_leaf=20; max_features=5";0.544592516658124;4.0
RSF;5;1;"n_estimators=200; min_samples_split=25; min_samples_leaf=10; max_features=sqrt";0.556998556998557;9.0
RSF;5;2;"n_estimators=200; min_samples_split=25; min_samples_leaf=10; max_features=sqrt";0.562484892434131;2.0
RSF;5;3;"n_estimators=200; min_samples_split=25; min_samples_leaf=10; max_features=sqrt";0.526652998462327;4.0
RSF;5;1;"n_estimators=200; min_samples_split=25; min_samples_leaf=10; max_features=5";0.5512265512265512;9.0
RSF;5;2;"n_estimators=200; min_samples_split=25; min_samples_leaf=10; max_features=5";0.562484892434131;2.0
RSF;5;3;"n_estimators=200; min_samples_split=25; min_samples_leaf=10; max_features=5";0.531009738595592;4.0
RSF;5;1;"n_estimators=200; min_samples_split=25; min_samples_leaf=20; max_features=sqrt";0.5603655603655604;9.0
RSF;5;2;"n_estimators=200; min_samples_split=25; min_samples_leaf=20; max_features=sqrt";0.546047860768673;2.0
RSF;5;3;"n_estimators=200; min_samples_split=25; min_samples_leaf=20; max_features=sqrt";0.5197334700153767;4.0
RSF;5;1;"n_estimators=200; min_samples_split=25; min_samples_leaf=20; max_features=5";0.564935064935065;9.0
RSF;5;2;"n_estimators=200; min_samples_split=25; min_samples_leaf=20; max_features=5";0.546047860768673;2.0
RSF;5;3;"n_estimators=200; min_samples_split=25; min_samples_leaf=20; max_features=5";0.544592516658124;4.0
GBSA;1;1;"n_estimators=100; learning_rate=0.01; max_depth=1; subsample=0.7";;
GBSA;1;2;"n_estimators=100; learning_rate=0.01; max_depth=1; subsample=0.7";;
GBSA;1;3;"n_estimators=100; learning_rate=0.01; max_depth=1; subsample=0.7";;
GBSA;1;1;"n_estimators=100; learning_rate=0.01; max_depth=2; subsample=0.7";;
GBSA;1;2;"n_estimators=100; learning_rate=0.01; max_depth=2; subsample=0.7";;
GBSA;1;3;"n_estimators=100; learning_rate=0.01; max_depth=2; subsample=0.7";;
GBSA;1;1;"n_estimators=100; learning_rate=0.02; max_depth=1; subsample=0.7";;
GBSA;1;2;"n_estimators=100; learning_rate=0.02; max_depth=1; subsample=0.7";;
GBSA;1;3;"n_estimators=100; learning_rate=0.02; max_depth=1; subsample=0.7";;
GBSA;1;1;"n_estimators=100; learning_rate=0.02; max_depth=2; subsample=0.7";;
GBSA;1;2;"n_estimators=100; learning_rate=0.02; max_depth=2; subsample=0.7";;
GBSA;1;3;"n_estimators=100; learning_rate=0.02; max_depth=2; subsample=0.7";;
GBSA;1;1;"n_estimators=150; learning_rate=0.01; max_depth=1; subsample=0.7";;
GBSA;1;2;"n_estimators=150; learning_rate=0.01; max_depth=1; subsample=0.7";;
GBSA;1;3;"n_estimators=150; learning_rate=0.01; max_depth=1; subsample=0.7";;
GBSA;1;1;"n_estimators=150; learning_rate=0.01; max_depth=2; subsample=0.7";;
GBSA;1;2;"n_estimators=150; learning_rate=0.01; max_depth=2; subsample=0.7";;
GBSA;1;3;"n_estimators=150; learning_rate=0.01; max_depth=2; subsample=0.7";;
GBSA;1;1;"n_estimators=150; learning_rate=0.02; max_depth=1; subsample=0.7";;
GBSA;1;2;"n_estimators=150; learning_rate=0.02; max_depth=1; subsample=0.7";;
GBSA;1;3;"n_estimators=150; learning_rate=0.02; max_depth=1; subsample=0.7";;
GBSA;1;1;"n_estimators=150; learning_rate=0.02; max_depth=2; subsample=0.7";;
GBSA;1;2;"n_estimators=150; learning_rate=0.02; max_depth=2; subsample=0.7";;
GBSA;1;3;"n_estimators=150; learning_rate=0.02; max_depth=2; subsample=0.7";;
GBSA;2;1;"n_estimators=100; learning_rate=0.01; max_depth=1; subsample=0.7";;
GBSA;2;2;"n_estimators=100; learning_rate=0.01; max_depth=1; subsample=0.7";;
GBSA;2;3;"n_estimators=100; learning_rate=0.01; max_depth=1; subsample=0.7";;
GBSA;2;1;"n_estimators=100; learning_rate=0.01; max_depth=2; subsample=0.7";;
GBSA;2;2;"n_estimators=100; learning_rate=0.01; max_depth=2; subsample=0.7";;
GBSA;2;3;"n_estimators=100; learning_rate=0.01; max_depth=2; subsample=0.7";;
GBSA;2;1;"n_estimators=100; learning_rate=0.02; max_depth=1; subsample=0.7";;
GBSA;2;2;"n_estimators=100; learning_rate=0.02; max_depth=1; subsample=0.7";;
GBSA;2;3;"n_estimators=100; learning_rate=0.02; max_depth=1; subsample=0.7";;
GBSA;2;1;"n_estimators=100; learning_rate=0.02; max_depth=2; subsample=0.7";;
GBSA;2;2;"n_estimators=100; learning_rate=0.02; max_depth=2; subsample=0.7";;
GBSA;2;3;"n_estimators=100; learning_rate=0.02; max_depth=2; subsample=0.7";;
GBSA;2;1;"n_estimators=150; learning_rate=0.01; max_depth=1; subsample=0.7";;
GBSA;2;2;"n_estimators=150; learning_rate=0.01; max_depth=1; subsample=0.7";;
GBSA;2;3;"n_estimators=150; learning_rate=0.01; max_depth=1; subsample=0.7";;
GBSA;2;1;"n_estimators=150; learning_rate=0.01; max_depth=2; subsample=0.7";;
GBSA;2;2;"n_estimators=150; learning_rate=0.01; max_depth=2; subsample=0.7";;
GBSA;2;3;"n_estimators=150; learning_rate=0.01; max_depth=2; subsample=0.7";;
GBSA;2;1;"n_estimators=150; learning_rate=0.02; max_depth=1; subsample=0.7";;
GBSA;2;2;"n_estimators=150; learning_rate=0.02; max_depth=1; subsample=0.7";;
GBSA;2;3;"n_estimators=150; learning_rate=0.02; max_depth=1; subsample=0.7";;
GBSA;2;1;"n_estimators=150; learning_rate=0.02; max_depth=2; subsample=0.7";;
GBSA;2;2;"n_estimators=150; learning_rate=0.02; max_depth=2; subsample=0.7";;
GBSA;2;3;"n_estimators=150; learning_rate=0.02; max_depth=2; subsample=0.7";;
GBSA;3;1;"n_estimators=100; learning_rate=0.01; max_depth=1; subsample=0.7";;
GBSA;3;2;"n_estimators=100; learning_rate=0.01; max_depth=1; subsample=0.7";;
GBSA;3;3;"n_estimators=100; learning_rate=0.01; max_depth=1; subsample=0.7";;
GBSA;3;1;"n_estimators=100; learning_rate=0.01; max_depth=2; subsample=0.7";;
GBSA;3;2;"n_estimators=100; learning_rate=0.01; max_depth=2; subsample=0.7";;
GBSA;3;3;"n_estimators=100; learning_rate=0.01; max_depth=2; subsample=0.7";;
GBSA;3;1;"n_estimators=100; learning_rate=0.02; max_depth=1; subsample=0.7";;
GBSA;3;2;"n_estimators=100; learning_rate=0.02; max_depth=1; subsample=0.7";;
GBSA;3;3;"n_estimators=100; learning_rate=0.02; max_depth=1; subsample=0.7";;
GBSA;3;1;"n_estimators=100; learning_rate=0.02; max_depth=2; subsample=0.7";;
GBSA;3;2;"n_estimators=100; learning_rate=0.02; max_depth=2; subsample=0.7";;
GBSA;3;3;"n_estimators=100; learning_rate=0.02; max_depth=2; subsample=0.7";;
GBSA;3;1;"n_estimators=150; learning_rate=0.01; max_depth=1; subsample=0.7";;
GBSA;3;2;"n_estimators=150; learning_rate=0.01; max_depth=1; subsample=0.7";;
GBSA;3;3;"n_estimators=150; learning_rate=0.01; max_depth=1; subsample=0.7";;
GBSA;3;1;"n_estimators=150; learning_rate=0.01; max_depth=2; subsample=0.7";;
GBSA;3;2;"n_estimators=150; learning_rate=0.01; max_depth=2; subsample=0.7";;
GBSA;3;3;"n_estimators=150; learning_rate=0.01; max_depth=2; subsample=0.7";;
GBSA;3;1;"n_estimators=150; learning_rate=0.02; max_depth=1; subsample=0.7";;
GBSA;3;2;"n_estimators=150; learning_rate=0.02; max_depth=1; subsample=0.7";;
GBSA;3;3;"n_estimators=150; learning_rate=0.02; max_depth=1; subsample=0.7";;
GBSA;3;1;"n_estimators=150; learning_rate=0.02; max_depth=2; subsample=0.7";;
GBSA;3;2;"n_estimators=150; learning_rate=0.02; max_depth=2; subsample=0.7";;
GBSA;3;3;"n_estimators=150; learning_rate=0.02; max_depth=2; subsample=0.7";;
GBSA;4;1;"n_estimators=100; learning_rate=0.01; max_depth=1; subsample=0.7";;
GBSA;4;2;"n_estimators=100; learning_rate=0.01; max_depth=1; subsample=0.7";;
GBSA;4;3;"n_estimators=100; learning_rate=0.01; max_depth=1; subsample=0.7";;
GBSA;4;1;"n_estimators=100; learning_rate=0.01; max_depth=2; subsample=0.7";;
GBSA;4;2;"n_estimators=100; learning_rate=0.01; max_depth=2; subsample=0.7";;
GBSA;4;3;"n_estimators=100; learning_rate=0.01; max_depth=2; subsample=0.7";;
GBSA;4;1;"n_estimators=100; learning_rate=0.02; max_depth=1; subsample=0.7";;
GBSA;4;2;"n_estimators=100; learning_rate=0.02; max_depth=1; subsample=0.7";;
GBSA;4;3;"n_estimators=100; learning_rate=0.02; max_depth=1; subsample=0.7";;
GBSA;4;1;"n_estimators=100; learning_rate=0.02; max_depth=2; subsample=0.7";;
GBSA;4;2;"n_estimators=100; learning_rate=0.02; max_depth=2; subsample=0.7";;
GBSA;4;3;"n_estimators=100; learning_rate=0.02; max_depth=2; subsample=0.7";;
GBSA;4;1;"n_estimators=150; learning_rate=0.01; max_depth=1; subsample=0.7";;
GBSA;4;2;"n_estimators=150; learning_rate=0.01; max_depth=1; subsample=0.7";;
GBSA;4;3;"n_estimators=150; learning_rate=0.01; max_depth=1; subsample=0.7";;
GBSA;4;1;"n_estimators=150; learning_rate=0.01; max_depth=2; subsample=0.7";;
GBSA;4;2;"n_estimators=150; learning_rate=0.01; max_depth=2; subsample=0.7";;
GBSA;4;3;"n_estimators=150; learning_rate=0.01; max_depth=2; subsample=0.7";;
GBSA;4;1;"n_estimators=150; learning_rate=0.02; max_depth=1; subsample=0.7";;
GBSA;4;2;"n_estimators=150; learning_rate=0.02; max_depth=1; subsample=0.7";;
GBSA;4;3;"n_estimators=150; learning_rate=0.02; max_depth=1; subsample=0.7";;
GBSA;4;1;"n_estimators=150; learning_rate=0.02; max_depth=2; subsample=0.7";;
GBSA;4;2;"n_estimators=150; learning_rate=0.02; max_depth=2; subsample=0.7";;
GBSA;4;3;"n_estimators=150; learning_rate=0.02; max_depth=2; subsample=0.7";;
GBSA;5;1;"n_estimators=100; learning_rate=0.01; max_depth=1; subsample=0.7";;
GBSA;5;2;"n_estimators=100; learning_rate=0.01; max_depth=1; subsample=0.7";;
GBSA;5;3;"n_estimators=100; learning_rate=0.01; max_depth=1; subsample=0.7";;
GBSA;5;1;"n_estimators=100; learning_rate=0.01; max_depth=2; subsample=0.7";;
GBSA;5;2;"n_estimators=100; learning_rate=0.01; max_depth=2; subsample=0.7";;
GBSA;5;3;"n_estimators=100; learning_rate=0.01; max_depth=2; subsample=0.7";;
GBSA;5;1;"n_estimators=100; learning_rate=0.02; max_depth=1; subsample=0.7";;
GBSA;5;2;"n_estimators=100; learning_rate=0.02; max_depth=1; subsample=0.7";;
GBSA;5;3;"n_estimators=100; learning_rate=0.02; max_depth=1; subsample=0.7";;
GBSA;5;1;"n_estimators=100; learning_rate=0.02; max_depth=2; subsample=0.7";;
GBSA;5;2;"n_estimators=100; learning_rate=0.02; max_depth=2; subsample=0.7";;
GBSA;5;3;"n_estimators=100; learning_rate=0.02; max_depth=2; subsample=0.7";;
GBSA;5;1;"n_estimators=150; learning_rate=0.01; max_depth=1; subsample=0.7";;
GBSA;5;2;"n_estimators=150; learning_rate=0.01; max_depth=1; subsample=0.7";;
GBSA;5;3;"n_estimators=150; learning_rate=0.01; max_depth=1; subsample=0.7";;
GBSA;5;1;"n_estimators=150; learning_rate=0.01; max_depth=2; subsample=0.7";;
GBSA;5;2;"n_estimators=150; learning_rate=0.01; max_depth=2; subsample=0.7";;
GBSA;5;3;"n_estimators=150; learning_rate=0.01; max_depth=2; subsample=0.7";;
GBSA;5;1;"n_estimators=150; learning_rate=0.02; max_depth=1; subsample=0.7";;
GBSA;5;2;"n_estimators=150; learning_rate=0.02; max_depth=1; subsample=0.7";;
GBSA;5;3;"n_estimators=150; learning_rate=0.02; max_depth=1; subsample=0.7";;
GBSA;5;1;"n_estimators=150; learning_rate=0.02; max_depth=2; subsample=0.7";;
GBSA;5;2;"n_estimators=150; learning_rate=0.02; max_depth=2; subsample=0.7";;
GBSA;5;3;"n_estimators=150; learning_rate=0.02; max_depth=2; subsample=0.7";;
