coorte;modelo;fold_externo;fold_interno;parametros;c_index_validacao_interna;n_genes_inner
LUAD;CoxPH;1;1;penalizer=0.1;0.6439882697947215;15
LUAD;CoxPH;1;2;penalizer=0.1;0.7211510791366906;15
LUAD;CoxPH;1;3;penalizer=0.1;0.6111433546140452;14
LUAD;CoxPH;1;1;penalizer=1.0;0.6422287390029325;15
LUAD;CoxPH;1;2;penalizer=1.0;0.7490647482014389;15
LUAD;CoxPH;1;3;penalizer=1.0;0.6706326175275682;14
LUAD;CoxPH;1;1;penalizer=10.0;0.6372434017595308;15
LUAD;CoxPH;1;2;penalizer=10.0;0.7484892086330935;15
LUAD;CoxPH;1;3;penalizer=10.0;0.6775972141613464;14
LUAD;CoxPH;2;1;penalizer=0.1;0.6566230812961911;20
LUAD;CoxPH;2;2;penalizer=0.1;0.6875181844631947;17
LUAD;CoxPH;2;3;penalizer=0.1;0.7416340066324992;17
LUAD;CoxPH;2;1;penalizer=1.0;0.691017623649801;20
LUAD;CoxPH;2;2;penalizer=1.0;0.7070119290078557;17
LUAD;CoxPH;2;3;penalizer=1.0;0.7362074163400664;17
LUAD;CoxPH;2;1;penalizer=10.0;0.7029562251279136;20
LUAD;CoxPH;2;2;penalizer=10.0;0.7081757346523131;17
LUAD;CoxPH;2;3;penalizer=10.0;0.728067530901417;17
LUAD;CoxPH;3;1;penalizer=0.1;0.6517832069643359;20
LUAD;CoxPH;3;2;penalizer=0.1;0.6779220779220779;13
LUAD;CoxPH;3;3;penalizer=0.1;0.6918004587155964;19
LUAD;CoxPH;3;1;penalizer=1.0;0.6352148272957034;20
LUAD;CoxPH;3;2;penalizer=1.0;0.7128427128427128;13
LUAD;CoxPH;3;3;penalizer=1.0;0.7049885321100917;19
LUAD;CoxPH;3;1;penalizer=10.0;0.6318449873631002;20
LUAD;CoxPH;3;2;penalizer=10.0;0.7148629148629149;13
LUAD;CoxPH;3;3;penalizer=10.0;0.7049885321100917;19
LUAD;CoxPH;4;1;penalizer=0.1;0.7102521929824561;12
LUAD;CoxPH;4;2;penalizer=0.1;0.6713382797471833;11
LUAD;CoxPH;4;3;penalizer=0.1;0.6720610687022901;22
LUAD;CoxPH;4;1;penalizer=1.0;0.7160087719298246;12
LUAD;CoxPH;4;2;penalizer=1.0;0.679582302830448;11
LUAD;CoxPH;4;3;penalizer=1.0;0.6903816793893129;22
LUAD;CoxPH;4;1;penalizer=10.0;0.7272478070175439;12
LUAD;CoxPH;4;2;penalizer=10.0;0.6784830997526793;11
LUAD;CoxPH;4;3;penalizer=10.0;0.6946564885496184;22
LUAD;CoxPH;5;1;penalizer=0.1;0.6504249291784703;13
LUAD;CoxPH;5;2;penalizer=0.1;0.6592946802151823;19
LUAD;CoxPH;5;3;penalizer=0.1;0.6724915445321308;12
LUAD;CoxPH;5;1;penalizer=1.0;0.6742209631728046;13
LUAD;CoxPH;5;2;penalizer=1.0;0.6727435744172146;19
LUAD;CoxPH;5;3;penalizer=1.0;0.7080045095828635;12
LUAD;CoxPH;5;1;penalizer=10.0;0.6759206798866856;13
LUAD;CoxPH;5;2;penalizer=10.0;0.6852958756724448;19
LUAD;CoxPH;5;3;penalizer=10.0;0.7065952649379932;12
LUAD;Weibull AFT;1;1;penalizer=0.1;0.6378299120234604;15
LUAD;Weibull AFT;1;2;penalizer=0.1;0.700431654676259;15
LUAD;Weibull AFT;1;3;penalizer=0.1;0.589959373186303;14
LUAD;Weibull AFT;1;1;penalizer=1.0;0.6372434017595308;15
LUAD;Weibull AFT;1;2;penalizer=1.0;0.7453237410071942;15
LUAD;Weibull AFT;1;3;penalizer=1.0;0.665699361578642;14
LUAD;Weibull AFT;1;1;penalizer=10.0;0.6307917888563049;15
LUAD;Weibull AFT;1;2;penalizer=10.0;0.7490647482014389;15
LUAD;Weibull AFT;1;3;penalizer=10.0;0.6741149158444574;14
LUAD;Weibull AFT;2;1;penalizer=0.1;0.63757816941444;20
LUAD;Weibull AFT;2;2;penalizer=0.1;0.6761710794297352;17
LUAD;Weibull AFT;2;3;penalizer=0.1;0.7374133252939403;17
LUAD;Weibull AFT;2;1;penalizer=1.0;0.6924388857305287;20
LUAD;Weibull AFT;2;2;penalizer=1.0;0.7058481233633983;17
LUAD;Weibull AFT;2;3;penalizer=1.0;0.7410310521555623;17
LUAD;Weibull AFT;2;1;penalizer=10.0;0.7038089823763501;20
LUAD;Weibull AFT;2;2;penalizer=10.0;0.7084666860634274;17
LUAD;Weibull AFT;2;3;penalizer=10.0;0.729876394332228;17
LUAD;Weibull AFT;3;1;penalizer=0.1;0.6551530468969391;20
LUAD;Weibull AFT;3;2;penalizer=0.1;0.651082251082251;13
LUAD;Weibull AFT;3;3;penalizer=0.1;0.6834862385321101;19
LUAD;Weibull AFT;3;1;penalizer=1.0;0.6304408873911822;20
LUAD;Weibull AFT;3;2;penalizer=1.0;0.707936507936508;13
LUAD;Weibull AFT;3;3;penalizer=1.0;0.7044151376146789;19
LUAD;Weibull AFT;3;1;penalizer=10.0;0.6253861274922774;20
LUAD;Weibull AFT;3;2;penalizer=10.0;0.7154401154401154;13
LUAD;Weibull AFT;3;3;penalizer=10.0;0.7061353211009175;19
LUAD;Weibull AFT;4;1;penalizer=0.1;0.6990131578947368;12
LUAD;Weibull AFT;4;2;penalizer=0.1;0.6658422643583402;11
LUAD;Weibull AFT;4;3;penalizer=0.1;0.6638167938931298;22
LUAD;Weibull AFT;4;1;penalizer=1.0;0.7171052631578947;12
LUAD;Weibull AFT;4;2;penalizer=1.0;0.677933498213795;11
LUAD;Weibull AFT;4;3;penalizer=1.0;0.6888549618320611;22
LUAD;Weibull AFT;4;1;penalizer=10.0;0.7256030701754386;12
LUAD;Weibull AFT;4;2;penalizer=10.0;0.6768342951360263;11
LUAD;Weibull AFT;4;3;penalizer=10.0;0.692824427480916;22
LUAD;Weibull AFT;5;1;penalizer=0.1;0.6407932011331445;13
LUAD;Weibull AFT;5;2;penalizer=0.1;0.6566049013747759;19
LUAD;Weibull AFT;5;3;penalizer=0.1;0.6631905298759865;12
LUAD;Weibull AFT;5;1;penalizer=1.0;0.6762039660056657;13
LUAD;Weibull AFT;5;2;penalizer=1.0;0.6757322175732218;19
LUAD;Weibull AFT;5;3;penalizer=1.0;0.7054678692220969;12
LUAD;Weibull AFT;5;1;penalizer=10.0;0.6770538243626062;13
LUAD;Weibull AFT;5;2;penalizer=10.0;0.687089061566049;19
LUAD;Weibull AFT;5;3;penalizer=10.0;0.7006764374295378;12
LUAD;RSF;1;1;"n_estimators=100; min_samples_split=15; min_samples_leaf=10; max_features=sqrt";0.6334310850439883;15
LUAD;RSF;1;2;"n_estimators=100; min_samples_split=15; min_samples_leaf=10; max_features=sqrt";0.7153956834532375;15
LUAD;RSF;1;3;"n_estimators=100; min_samples_split=15; min_samples_leaf=10; max_features=sqrt";0.6665699361578642;14
LUAD;RSF;1;1;"n_estimators=100; min_samples_split=15; min_samples_leaf=10; max_features=5";0.6310850439882698;15
LUAD;RSF;1;2;"n_estimators=100; min_samples_split=15; min_samples_leaf=10; max_features=5";0.7102158273381295;15
LUAD;RSF;1;3;"n_estimators=100; min_samples_split=15; min_samples_leaf=10; max_features=5";0.665118978525827;14
LUAD;RSF;1;1;"n_estimators=100; min_samples_split=15; min_samples_leaf=20; max_features=sqrt";0.6431085043988269;15
LUAD;RSF;1;2;"n_estimators=100; min_samples_split=15; min_samples_leaf=20; max_features=sqrt";0.717410071942446;15
LUAD;RSF;1;3;"n_estimators=100; min_samples_split=15; min_samples_leaf=20; max_features=sqrt";0.675856065002902;14
LUAD;RSF;1;1;"n_estimators=100; min_samples_split=15; min_samples_leaf=20; max_features=5";0.6439882697947215;15
LUAD;RSF;1;2;"n_estimators=100; min_samples_split=15; min_samples_leaf=20; max_features=5";0.7119424460431655;15
LUAD;RSF;1;3;"n_estimators=100; min_samples_split=15; min_samples_leaf=20; max_features=5";0.6810795124782356;14
LUAD;RSF;1;1;"n_estimators=100; min_samples_split=25; min_samples_leaf=10; max_features=sqrt";0.6302052785923754;15
LUAD;RSF;1;2;"n_estimators=100; min_samples_split=25; min_samples_leaf=10; max_features=sqrt";0.7148201438848921;15
LUAD;RSF;1;3;"n_estimators=100; min_samples_split=25; min_samples_leaf=10; max_features=sqrt";0.671213000580383;14
LUAD;RSF;1;1;"n_estimators=100; min_samples_split=25; min_samples_leaf=10; max_features=5";0.6413489736070381;15
LUAD;RSF;1;2;"n_estimators=100; min_samples_split=25; min_samples_leaf=10; max_features=5";0.7079136690647482;15
LUAD;RSF;1;3;"n_estimators=100; min_samples_split=25; min_samples_leaf=10; max_features=5";0.6787579802669762;14
LUAD;RSF;1;1;"n_estimators=100; min_samples_split=25; min_samples_leaf=20; max_features=sqrt";0.6431085043988269;15
LUAD;RSF;1;2;"n_estimators=100; min_samples_split=25; min_samples_leaf=20; max_features=sqrt";0.717410071942446;15
LUAD;RSF;1;3;"n_estimators=100; min_samples_split=25; min_samples_leaf=20; max_features=sqrt";0.675856065002902;14
LUAD;RSF;1;1;"n_estimators=100; min_samples_split=25; min_samples_leaf=20; max_features=5";0.6439882697947215;15
LUAD;RSF;1;2;"n_estimators=100; min_samples_split=25; min_samples_leaf=20; max_features=5";0.7119424460431655;15
LUAD;RSF;1;3;"n_estimators=100; min_samples_split=25; min_samples_leaf=20; max_features=5";0.6810795124782356;14
LUAD;RSF;1;1;"n_estimators=200; min_samples_split=15; min_samples_leaf=10; max_features=sqrt";0.6357771260997067;15
LUAD;RSF;1;2;"n_estimators=200; min_samples_split=15; min_samples_leaf=10; max_features=sqrt";0.7139568345323741;15
LUAD;RSF;1;3;"n_estimators=200; min_samples_split=15; min_samples_leaf=10; max_features=sqrt";0.671213000580383;14
LUAD;RSF;1;1;"n_estimators=200; min_samples_split=15; min_samples_leaf=10; max_features=5";0.646041055718475;15
LUAD;RSF;1;2;"n_estimators=200; min_samples_split=15; min_samples_leaf=10; max_features=5";0.7130935251798561;15
LUAD;RSF;1;3;"n_estimators=200; min_samples_split=15; min_samples_leaf=10; max_features=5";0.6703424260011608;14
LUAD;RSF;1;1;"n_estimators=200; min_samples_split=15; min_samples_leaf=20; max_features=sqrt";0.6516129032258065;15
LUAD;RSF;1;2;"n_estimators=200; min_samples_split=15; min_samples_leaf=20; max_features=sqrt";0.7159712230215828;15
LUAD;RSF;1;3;"n_estimators=200; min_samples_split=15; min_samples_leaf=20; max_features=sqrt";0.6729541497388276;14
LUAD;RSF;1;1;"n_estimators=200; min_samples_split=15; min_samples_leaf=20; max_features=5";0.6521994134897361;15
LUAD;RSF;1;2;"n_estimators=200; min_samples_split=15; min_samples_leaf=20; max_features=5";0.7205755395683453;15
LUAD;RSF;1;3;"n_estimators=200; min_samples_split=15; min_samples_leaf=20; max_features=5";0.686012768427162;14
LUAD;RSF;1;1;"n_estimators=200; min_samples_split=25; min_samples_leaf=10; max_features=sqrt";0.6299120234604105;15
LUAD;RSF;1;2;"n_estimators=200; min_samples_split=25; min_samples_leaf=10; max_features=sqrt";0.7153956834532375;15
LUAD;RSF;1;3;"n_estimators=200; min_samples_split=25; min_samples_leaf=10; max_features=sqrt";0.6744051073708648;14
LUAD;RSF;1;1;"n_estimators=200; min_samples_split=25; min_samples_leaf=10; max_features=5";0.6483870967741936;15
LUAD;RSF;1;2;"n_estimators=200; min_samples_split=25; min_samples_leaf=10; max_features=5";0.7151079136690648;15
LUAD;RSF;1;3;"n_estimators=200; min_samples_split=25; min_samples_leaf=10; max_features=5";0.6770168311085316;14
LUAD;RSF;1;1;"n_estimators=200; min_samples_split=25; min_samples_leaf=20; max_features=sqrt";0.6516129032258065;15
LUAD;RSF;1;2;"n_estimators=200; min_samples_split=25; min_samples_leaf=20; max_features=sqrt";0.7159712230215828;15
LUAD;RSF;1;3;"n_estimators=200; min_samples_split=25; min_samples_leaf=20; max_features=sqrt";0.6729541497388276;14
LUAD;RSF;1;1;"n_estimators=200; min_samples_split=25; min_samples_leaf=20; max_features=5";0.6521994134897361;15
LUAD;RSF;1;2;"n_estimators=200; min_samples_split=25; min_samples_leaf=20; max_features=5";0.7205755395683453;15
LUAD;RSF;1;3;"n_estimators=200; min_samples_split=25; min_samples_leaf=20; max_features=5";0.686012768427162;14
LUAD;RSF;2;1;"n_estimators=100; min_samples_split=15; min_samples_leaf=10; max_features=sqrt";0.7185901080159182;20
LUAD;RSF;2;2;"n_estimators=100; min_samples_split=15; min_samples_leaf=10; max_features=sqrt";0.6846086703520512;17
LUAD;RSF;2;3;"n_estimators=100; min_samples_split=15; min_samples_leaf=10; max_features=sqrt";0.7051552607778113;17
LUAD;RSF;2;1;"n_estimators=100; min_samples_split=15; min_samples_leaf=10; max_features=5";0.7015349630471859;20
LUAD;RSF;2;2;"n_estimators=100; min_samples_split=15; min_samples_leaf=10; max_features=5";0.7067209775967414;17
LUAD;RSF;2;3;"n_estimators=100; min_samples_split=15; min_samples_leaf=10; max_features=5";0.717817304793488;17
LUAD;RSF;2;1;"n_estimators=100; min_samples_split=15; min_samples_leaf=20; max_features=sqrt";0.7023877202956225;20
LUAD;RSF;2;2;"n_estimators=100; min_samples_split=15; min_samples_leaf=20; max_features=sqrt";0.6982833866744254;17
LUAD;RSF;2;3;"n_estimators=100; min_samples_split=15; min_samples_leaf=20; max_features=sqrt";0.7353029846246608;17
LUAD;RSF;2;1;"n_estimators=100; min_samples_split=15; min_samples_leaf=20; max_features=5";0.6981239340534394;20
LUAD;RSF;2;2;"n_estimators=100; min_samples_split=15; min_samples_leaf=20; max_features=5";0.6840267675298225;17
LUAD;RSF;2;3;"n_estimators=100; min_samples_split=15; min_samples_leaf=20; max_features=5";0.7223394633705156;17
LUAD;RSF;2;1;"n_estimators=100; min_samples_split=25; min_samples_leaf=10; max_features=sqrt";0.7126208072768618;20
LUAD;RSF;2;2;"n_estimators=100; min_samples_split=25; min_samples_leaf=10; max_features=sqrt";0.6846086703520512;17
LUAD;RSF;2;3;"n_estimators=100; min_samples_split=25; min_samples_leaf=10; max_features=sqrt";0.7135966234549291;17
LUAD;RSF;2;1;"n_estimators=100; min_samples_split=25; min_samples_leaf=10; max_features=5";0.7111995451961342;20
LUAD;RSF;2;2;"n_estimators=100; min_samples_split=25; min_samples_leaf=10; max_features=5";0.7061390747745127;17
LUAD;RSF;2;3;"n_estimators=100; min_samples_split=25; min_samples_leaf=10; max_features=5";0.7075670786855592;17
LUAD;RSF;2;1;"n_estimators=100; min_samples_split=25; min_samples_leaf=20; max_features=sqrt";0.7023877202956225;20
LUAD;RSF;2;2;"n_estimators=100; min_samples_split=25; min_samples_leaf=20; max_features=sqrt";0.6982833866744254;17
LUAD;RSF;2;3;"n_estimators=100; min_samples_split=25; min_samples_leaf=20; max_features=sqrt";0.7353029846246608;17
LUAD;RSF;2;1;"n_estimators=100; min_samples_split=25; min_samples_leaf=20; max_features=5";0.6981239340534394;20
LUAD;RSF;2;2;"n_estimators=100; min_samples_split=25; min_samples_leaf=20; max_features=5";0.6840267675298225;17
LUAD;RSF;2;3;"n_estimators=100; min_samples_split=25; min_samples_leaf=20; max_features=5";0.7223394633705156;17
LUAD;RSF;2;1;"n_estimators=200; min_samples_split=15; min_samples_leaf=10; max_features=sqrt";0.7055144968732234;20
LUAD;RSF;2;2;"n_estimators=200; min_samples_split=15; min_samples_leaf=10; max_features=sqrt";0.7011929007855688;17
LUAD;RSF;2;3;"n_estimators=200; min_samples_split=15; min_samples_leaf=10; max_features=sqrt";0.7135966234549291;17
LUAD;RSF;2;1;"n_estimators=200; min_samples_split=15; min_samples_leaf=10; max_features=5";0.6949971574758386;20
LUAD;RSF;2;2;"n_estimators=200; min_samples_split=15; min_samples_leaf=10; max_features=5";0.7038114634855979;17
LUAD;RSF;2;3;"n_estimators=200; min_samples_split=15; min_samples_leaf=10; max_features=5";0.7169128730780826;17
LUAD;RSF;2;1;"n_estimators=200; min_samples_split=15; min_samples_leaf=20; max_features=sqrt";0.694712905059693;20
LUAD;RSF;2;2;"n_estimators=200; min_samples_split=15; min_samples_leaf=20; max_features=sqrt";0.6994471923188827;17
LUAD;RSF;2;3;"n_estimators=200; min_samples_split=15; min_samples_leaf=20; max_features=sqrt";0.7368103708170033;17
LUAD;RSF;2;1;"n_estimators=200; min_samples_split=15; min_samples_leaf=20; max_features=5";0.691017623649801;20
LUAD;RSF;2;2;"n_estimators=200; min_samples_split=15; min_samples_leaf=20; max_features=5";0.6921734070410241;17
LUAD;RSF;2;3;"n_estimators=200; min_samples_split=15; min_samples_leaf=20; max_features=5";0.7205305999397046;17
LUAD;RSF;2;1;"n_estimators=200; min_samples_split=25; min_samples_leaf=10; max_features=sqrt";0.7043774872086412;20
LUAD;RSF;2;2;"n_estimators=200; min_samples_split=25; min_samples_leaf=10; max_features=sqrt";0.6985743380855397;17
LUAD;RSF;2;3;"n_estimators=200; min_samples_split=25; min_samples_leaf=10; max_features=sqrt";0.7163099186011456;17
LUAD;RSF;2;1;"n_estimators=200; min_samples_split=25; min_samples_leaf=10; max_features=5";0.6907333712336555;20
LUAD;RSF;2;2;"n_estimators=200; min_samples_split=25; min_samples_leaf=10; max_features=5";0.6950829211521676;17
LUAD;RSF;2;3;"n_estimators=200; min_samples_split=25; min_samples_leaf=10; max_features=5";0.7060596924932168;17
LUAD;RSF;2;1;"n_estimators=200; min_samples_split=25; min_samples_leaf=20; max_features=sqrt";0.694712905059693;20
LUAD;RSF;2;2;"n_estimators=200; min_samples_split=25; min_samples_leaf=20; max_features=sqrt";0.6994471923188827;17
LUAD;RSF;2;3;"n_estimators=200; min_samples_split=25; min_samples_leaf=20; max_features=sqrt";0.7368103708170033;17
LUAD;RSF;2;1;"n_estimators=200; min_samples_split=25; min_samples_leaf=20; max_features=5";0.691017623649801;20
LUAD;RSF;2;2;"n_estimators=200; min_samples_split=25; min_samples_leaf=20; max_features=5";0.6921734070410241;17
LUAD;RSF;2;3;"n_estimators=200; min_samples_split=25; min_samples_leaf=20; max_features=5";0.7205305999397046;17
LUAD;RSF;3;1;"n_estimators=100; min_samples_split=15; min_samples_leaf=10; max_features=sqrt";0.5880370682392586;20
LUAD;RSF;3;2;"n_estimators=100; min_samples_split=15; min_samples_leaf=10; max_features=sqrt";0.7070707070707071;13
LUAD;RSF;3;3;"n_estimators=100; min_samples_split=15; min_samples_leaf=10; max_features=sqrt";0.6470756880733946;19
LUAD;RSF;3;1;"n_estimators=100; min_samples_split=15; min_samples_leaf=10; max_features=5";0.6015164279696714;20
LUAD;RSF;3;2;"n_estimators=100; min_samples_split=15; min_samples_leaf=10; max_features=5";0.7041847041847041;13
LUAD;RSF;3;3;"n_estimators=100; min_samples_split=15; min_samples_leaf=10; max_features=5";0.6654243119266054;19
LUAD;RSF;3;1;"n_estimators=100; min_samples_split=15; min_samples_leaf=20; max_features=sqrt";0.6203313675933726;20
LUAD;RSF;3;2;"n_estimators=100; min_samples_split=15; min_samples_leaf=20; max_features=sqrt";0.7157287157287158;13
LUAD;RSF;3;3;"n_estimators=100; min_samples_split=15; min_samples_leaf=20; max_features=sqrt";0.663704128440367;19
LUAD;RSF;3;1;"n_estimators=100; min_samples_split=15; min_samples_leaf=20; max_features=5";0.6237012075259758;20
LUAD;RSF;3;2;"n_estimators=100; min_samples_split=15; min_samples_leaf=20; max_features=5";0.720923520923521;13
LUAD;RSF;3;3;"n_estimators=100; min_samples_split=15; min_samples_leaf=20; max_features=5";0.6648509174311926;19
LUAD;RSF;3;1;"n_estimators=100; min_samples_split=25; min_samples_leaf=10; max_features=sqrt";0.5841055883178883;20
LUAD;RSF;3;2;"n_estimators=100; min_samples_split=25; min_samples_leaf=10; max_features=sqrt";0.7113997113997114;13
LUAD;RSF;3;3;"n_estimators=100; min_samples_split=25; min_samples_leaf=10; max_features=sqrt";0.6551032110091743;19
LUAD;RSF;3;1;"n_estimators=100; min_samples_split=25; min_samples_leaf=10; max_features=5";0.6034821679303567;20
LUAD;RSF;3;2;"n_estimators=100; min_samples_split=25; min_samples_leaf=10; max_features=5";0.7128427128427128;13
LUAD;RSF;3;3;"n_estimators=100; min_samples_split=25; min_samples_leaf=10; max_features=5";0.6677178899082569;19
LUAD;RSF;3;1;"n_estimators=100; min_samples_split=25; min_samples_leaf=20; max_features=sqrt";0.6203313675933726;20
LUAD;RSF;3;2;"n_estimators=100; min_samples_split=25; min_samples_leaf=20; max_features=sqrt";0.7157287157287158;13
LUAD;RSF;3;3;"n_estimators=100; min_samples_split=25; min_samples_leaf=20; max_features=sqrt";0.663704128440367;19
LUAD;RSF;3;1;"n_estimators=100; min_samples_split=25; min_samples_leaf=20; max_features=5";0.6237012075259758;20
LUAD;RSF;3;2;"n_estimators=100; min_samples_split=25; min_samples_leaf=20; max_features=5";0.720923520923521;13
LUAD;RSF;3;3;"n_estimators=100; min_samples_split=25; min_samples_leaf=20; max_features=5";0.6648509174311926;19
LUAD;RSF;3;1;"n_estimators=200; min_samples_split=15; min_samples_leaf=10; max_features=sqrt";0.5973041280539174;20
LUAD;RSF;3;2;"n_estimators=200; min_samples_split=15; min_samples_leaf=10; max_features=sqrt";0.703030303030303;13
LUAD;RSF;3;3;"n_estimators=200; min_samples_split=15; min_samples_leaf=10; max_features=sqrt";0.6556766055045872;19
LUAD;RSF;3;1;"n_estimators=200; min_samples_split=15; min_samples_leaf=10; max_features=5";0.6057287278854254;20
LUAD;RSF;3;2;"n_estimators=200; min_samples_split=15; min_samples_leaf=10; max_features=5";0.7096681096681097;13
LUAD;RSF;3;3;"n_estimators=200; min_samples_split=15; min_samples_leaf=10; max_features=5";0.6665711009174312;19
LUAD;RSF;3;1;"n_estimators=200; min_samples_split=15; min_samples_leaf=20; max_features=sqrt";0.6206121875877563;20
LUAD;RSF;3;2;"n_estimators=200; min_samples_split=15; min_samples_leaf=20; max_features=sqrt";0.7157287157287158;13
LUAD;RSF;3;3;"n_estimators=200; min_samples_split=15; min_samples_leaf=20; max_features=sqrt";0.6639908256880734;19
LUAD;RSF;3;1;"n_estimators=200; min_samples_split=15; min_samples_leaf=20; max_features=5";0.6222971075540579;20
LUAD;RSF;3;2;"n_estimators=200; min_samples_split=15; min_samples_leaf=20; max_features=5";0.7165945165945166;13
LUAD;RSF;3;3;"n_estimators=200; min_samples_split=15; min_samples_leaf=20; max_features=5";0.6662844036697247;19
LUAD;RSF;3;1;"n_estimators=200; min_samples_split=25; min_samples_leaf=10; max_features=sqrt";0.5866329682673407;20
LUAD;RSF;3;2;"n_estimators=200; min_samples_split=25; min_samples_leaf=10; max_features=sqrt";0.7090909090909091;13
LUAD;RSF;3;3;"n_estimators=200; min_samples_split=25; min_samples_leaf=10; max_features=sqrt";0.6536697247706422;19
LUAD;RSF;3;1;"n_estimators=200; min_samples_split=25; min_samples_leaf=10; max_features=5";0.6079752878404943;20
LUAD;RSF;3;2;"n_estimators=200; min_samples_split=25; min_samples_leaf=10; max_features=5";0.7148629148629149;13
LUAD;RSF;3;3;"n_estimators=200; min_samples_split=25; min_samples_leaf=10; max_features=5";0.6622706422018348;19
LUAD;RSF;3;1;"n_estimators=200; min_samples_split=25; min_samples_leaf=20; max_features=sqrt";0.6206121875877563;20
LUAD;RSF;3;2;"n_estimators=200; min_samples_split=25; min_samples_leaf=20; max_features=sqrt";0.7157287157287158;13
LUAD;RSF;3;3;"n_estimators=200; min_samples_split=25; min_samples_leaf=20; max_features=sqrt";0.6639908256880734;19
LUAD;RSF;3;1;"n_estimators=200; min_samples_split=25; min_samples_leaf=20; max_features=5";0.6222971075540579;20
LUAD;RSF;3;2;"n_estimators=200; min_samples_split=25; min_samples_leaf=20; max_features=5";0.7165945165945166;13
LUAD;RSF;3;3;"n_estimators=200; min_samples_split=25; min_samples_leaf=20; max_features=5";0.6662844036697247;19
LUAD;RSF;4;1;"n_estimators=100; min_samples_split=15; min_samples_leaf=10; max_features=sqrt";0.7143640350877193;12
LUAD;RSF;4;2;"n_estimators=100; min_samples_split=15; min_samples_leaf=10; max_features=sqrt";0.6471558120362737;11
LUAD;RSF;4;3;"n_estimators=100; min_samples_split=15; min_samples_leaf=10; max_features=sqrt";0.6738931297709924;22
LUAD;RSF;4;1;"n_estimators=100; min_samples_split=15; min_samples_leaf=10; max_features=5";0.7171052631578947;12
LUAD;RSF;4;2;"n_estimators=100; min_samples_split=15; min_samples_leaf=10; max_features=5";0.6482550151140423;11
LUAD;RSF;4;3;"n_estimators=100; min_samples_split=15; min_samples_leaf=10; max_features=5";0.6796946564885497;22
LUAD;RSF;4;1;"n_estimators=100; min_samples_split=15; min_samples_leaf=20; max_features=sqrt";0.7404057017543859;12
LUAD;RSF;4;2;"n_estimators=100; min_samples_split=15; min_samples_leaf=20; max_features=sqrt";0.6603462489694971;11
LUAD;RSF;4;3;"n_estimators=100; min_samples_split=15; min_samples_leaf=20; max_features=sqrt";0.686412213740458;22
LUAD;RSF;4;1;"n_estimators=100; min_samples_split=15; min_samples_leaf=20; max_features=5";0.7297149122807017;12
LUAD;RSF;4;2;"n_estimators=100; min_samples_split=15; min_samples_leaf=20; max_features=5";0.6713382797471833;11
LUAD;RSF;4;3;"n_estimators=100; min_samples_split=15; min_samples_leaf=20; max_features=5";0.6906870229007633;22
LUAD;RSF;4;1;"n_estimators=100; min_samples_split=25; min_samples_leaf=10; max_features=sqrt";0.715734649122807;12
LUAD;RSF;4;2;"n_estimators=100; min_samples_split=25; min_samples_leaf=10; max_features=sqrt";0.6419345974168728;11
LUAD;RSF;4;3;"n_estimators=100; min_samples_split=25; min_samples_leaf=10; max_features=sqrt";0.6757251908396946;22
LUAD;RSF;4;1;"n_estimators=100; min_samples_split=25; min_samples_leaf=10; max_features=5";0.7203947368421053;12
LUAD;RSF;4;2;"n_estimators=100; min_samples_split=25; min_samples_leaf=10; max_features=5";0.6413849958779885;11
LUAD;RSF;4;3;"n_estimators=100; min_samples_split=25; min_samples_leaf=10; max_features=5";0.6668702290076336;22
LUAD;RSF;4;1;"n_estimators=100; min_samples_split=25; min_samples_leaf=20; max_features=sqrt";0.7404057017543859;12
LUAD;RSF;4;2;"n_estimators=100; min_samples_split=25; min_samples_leaf=20; max_features=sqrt";0.6603462489694971;11
LUAD;RSF;4;3;"n_estimators=100; min_samples_split=25; min_samples_leaf=20; max_features=sqrt";0.686412213740458;22
LUAD;RSF;4;1;"n_estimators=100; min_samples_split=25; min_samples_leaf=20; max_features=5";0.7297149122807017;12
LUAD;RSF;4;2;"n_estimators=100; min_samples_split=25; min_samples_leaf=20; max_features=5";0.6713382797471833;11
LUAD;RSF;4;3;"n_estimators=100; min_samples_split=25; min_samples_leaf=20; max_features=5";0.6906870229007633;22
LUAD;RSF;4;1;"n_estimators=200; min_samples_split=15; min_samples_leaf=10; max_features=sqrt";0.7171052631578947;12
LUAD;RSF;4;2;"n_estimators=200; min_samples_split=15; min_samples_leaf=10; max_features=sqrt";0.647705413575158;11
LUAD;RSF;4;3;"n_estimators=200; min_samples_split=15; min_samples_leaf=10; max_features=sqrt";0.6732824427480916;22
LUAD;RSF;4;1;"n_estimators=200; min_samples_split=15; min_samples_leaf=10; max_features=5";0.7316337719298246;12
LUAD;RSF;4;2;"n_estimators=200; min_samples_split=15; min_samples_leaf=10; max_features=5";0.6573234405056334;11
LUAD;RSF;4;3;"n_estimators=200; min_samples_split=15; min_samples_leaf=10; max_features=5";0.6824427480916031;22
LUAD;RSF;4;1;"n_estimators=200; min_samples_split=15; min_samples_leaf=20; max_features=sqrt";0.7382127192982456;12
LUAD;RSF;4;2;"n_estimators=200; min_samples_split=15; min_samples_leaf=20; max_features=sqrt";0.6661170651277823;11
LUAD;RSF;4;3;"n_estimators=200; min_samples_split=15; min_samples_leaf=20; max_features=sqrt";0.6818320610687023;22
LUAD;RSF;4;1;"n_estimators=200; min_samples_split=15; min_samples_leaf=20; max_features=5";0.7316337719298246;12
LUAD;RSF;4;2;"n_estimators=200; min_samples_split=15; min_samples_leaf=20; max_features=5";0.674361088211047;11
LUAD;RSF;4;3;"n_estimators=200; min_samples_split=15; min_samples_leaf=20; max_features=5";0.6812213740458015;22
LUAD;RSF;4;1;"n_estimators=200; min_samples_split=25; min_samples_leaf=10; max_features=sqrt";0.7203947368421053;12
LUAD;RSF;4;2;"n_estimators=200; min_samples_split=25; min_samples_leaf=10; max_features=sqrt";0.6455070074196207;11
LUAD;RSF;4;3;"n_estimators=200; min_samples_split=25; min_samples_leaf=10; max_features=sqrt";0.6790839694656489;22
LUAD;RSF;4;1;"n_estimators=200; min_samples_split=25; min_samples_leaf=10; max_features=5";0.7294407894736842;12
LUAD;RSF;4;2;"n_estimators=200; min_samples_split=25; min_samples_leaf=10; max_features=5";0.6471558120362737;11
LUAD;RSF;4;3;"n_estimators=200; min_samples_split=25; min_samples_leaf=10; max_features=5";0.6729770992366412;22
LUAD;RSF;4;1;"n_estimators=200; min_samples_split=25; min_samples_leaf=20; max_features=sqrt";0.7382127192982456;12
LUAD;RSF;4;2;"n_estimators=200; min_samples_split=25; min_samples_leaf=20; max_features=sqrt";0.6661170651277823;11
LUAD;RSF;4;3;"n_estimators=200; min_samples_split=25; min_samples_leaf=20; max_features=sqrt";0.6818320610687023;22
LUAD;RSF;4;1;"n_estimators=200; min_samples_split=25; min_samples_leaf=20; max_features=5";0.7316337719298246;12
LUAD;RSF;4;2;"n_estimators=200; min_samples_split=25; min_samples_leaf=20; max_features=5";0.674361088211047;11
LUAD;RSF;4;3;"n_estimators=200; min_samples_split=25; min_samples_leaf=20; max_features=5";0.6812213740458015;22
LUAD;RSF;5;1;"n_estimators=100; min_samples_split=15; min_samples_leaf=10; max_features=sqrt";0.6798866855524079;13
LUAD;RSF;5;2;"n_estimators=100; min_samples_split=15; min_samples_leaf=10; max_features=sqrt";0.6996413628212791;19
LUAD;RSF;5;3;"n_estimators=100; min_samples_split=15; min_samples_leaf=10; max_features=sqrt";0.7111048478015783;12
LUAD;RSF;5;1;"n_estimators=100; min_samples_split=15; min_samples_leaf=10; max_features=5";0.6756373937677054;13
LUAD;RSF;5;2;"n_estimators=100; min_samples_split=15; min_samples_leaf=10; max_features=5";0.7032277346084878;19
LUAD;RSF;5;3;"n_estimators=100; min_samples_split=15; min_samples_leaf=10; max_features=5";0.7173055242390078;12
LUAD;RSF;5;1;"n_estimators=100; min_samples_split=15; min_samples_leaf=20; max_features=sqrt";0.6767705382436261;13
LUAD;RSF;5;2;"n_estimators=100; min_samples_split=15; min_samples_leaf=20; max_features=sqrt";0.7184698147041243;19
LUAD;RSF;5;3;"n_estimators=100; min_samples_split=15; min_samples_leaf=20; max_features=sqrt";0.7102593010146562;12
LUAD;RSF;5;1;"n_estimators=100; min_samples_split=15; min_samples_leaf=20; max_features=5";0.6606232294617563;13
LUAD;RSF;5;2;"n_estimators=100; min_samples_split=15; min_samples_leaf=20; max_features=5";0.7086072922893006;19
LUAD;RSF;5;3;"n_estimators=100; min_samples_split=15; min_samples_leaf=20; max_features=5";0.7085682074408117;12
LUAD;RSF;5;1;"n_estimators=100; min_samples_split=25; min_samples_leaf=10; max_features=sqrt";0.6847025495750708;13
LUAD;RSF;5;2;"n_estimators=100; min_samples_split=25; min_samples_leaf=10; max_features=sqrt";0.7050209205020921;19
LUAD;RSF;5;3;"n_estimators=100; min_samples_split=25; min_samples_leaf=10; max_features=sqrt";0.709695603156708;12
LUAD;RSF;5;1;"n_estimators=100; min_samples_split=25; min_samples_leaf=10; max_features=5";0.6606232294617563;13
LUAD;RSF;5;2;"n_estimators=100; min_samples_split=25; min_samples_leaf=10; max_features=5";0.7068141063956963;19
LUAD;RSF;5;3;"n_estimators=100; min_samples_split=25; min_samples_leaf=10; max_features=5";0.7215332581736189;12
LUAD;RSF;5;1;"n_estimators=100; min_samples_split=25; min_samples_leaf=20; max_features=sqrt";0.6767705382436261;13
LUAD;RSF;5;2;"n_estimators=100; min_samples_split=25; min_samples_leaf=20; max_features=sqrt";0.7184698147041243;19
LUAD;RSF;5;3;"n_estimators=100; min_samples_split=25; min_samples_leaf=20; max_features=sqrt";0.7102593010146562;12
LUAD;RSF;5;1;"n_estimators=100; min_samples_split=25; min_samples_leaf=20; max_features=5";0.6606232294617563;13
LUAD;RSF;5;2;"n_estimators=100; min_samples_split=25; min_samples_leaf=20; max_features=5";0.7086072922893006;19
LUAD;RSF;5;3;"n_estimators=100; min_samples_split=25; min_samples_leaf=20; max_features=5";0.7085682074408117;12
LUAD;RSF;5;1;"n_estimators=200; min_samples_split=15; min_samples_leaf=10; max_features=sqrt";0.681586402266289;13
LUAD;RSF;5;2;"n_estimators=200; min_samples_split=15; min_samples_leaf=10; max_features=sqrt";0.7050209205020921;19
LUAD;RSF;5;3;"n_estimators=200; min_samples_split=15; min_samples_leaf=10; max_features=sqrt";0.7108229988726043;12
LUAD;RSF;5;1;"n_estimators=200; min_samples_split=15; min_samples_leaf=10; max_features=5";0.6708215297450425;13
LUAD;RSF;5;2;"n_estimators=200; min_samples_split=15; min_samples_leaf=10; max_features=5";0.7047220561864913;19
LUAD;RSF;5;3;"n_estimators=200; min_samples_split=15; min_samples_leaf=10; max_features=5";0.7192784667418264;12
LUAD;RSF;5;1;"n_estimators=200; min_samples_split=15; min_samples_leaf=20; max_features=sqrt";0.6787535410764872;13
LUAD;RSF;5;2;"n_estimators=200; min_samples_split=15; min_samples_leaf=20; max_features=sqrt";0.7139868499701135;19
LUAD;RSF;5;3;"n_estimators=200; min_samples_split=15; min_samples_leaf=20; max_features=sqrt";0.7040586245772266;12
LUAD;RSF;5;1;"n_estimators=200; min_samples_split=15; min_samples_leaf=20; max_features=5";0.6713881019830028;13
LUAD;RSF;5;2;"n_estimators=200; min_samples_split=15; min_samples_leaf=20; max_features=5";0.7077106993424985;19
LUAD;RSF;5;3;"n_estimators=200; min_samples_split=15; min_samples_leaf=20; max_features=5";0.7125140924464487;12
LUAD;RSF;5;1;"n_estimators=200; min_samples_split=25; min_samples_leaf=10; max_features=sqrt";0.6824362606232295;13
LUAD;RSF;5;2;"n_estimators=200; min_samples_split=25; min_samples_leaf=10; max_features=sqrt";0.7059175134488942;19
LUAD;RSF;5;3;"n_estimators=200; min_samples_split=25; min_samples_leaf=10; max_features=sqrt";0.7074408117249155;12
LUAD;RSF;5;1;"n_estimators=200; min_samples_split=25; min_samples_leaf=10; max_features=5";0.6694050991501417;13
LUAD;RSF;5;2;"n_estimators=200; min_samples_split=25; min_samples_leaf=10; max_features=5";0.7077106993424985;19
LUAD;RSF;5;3;"n_estimators=200; min_samples_split=25; min_samples_leaf=10; max_features=5";0.7246335963923337;12
LUAD;RSF;5;1;"n_estimators=200; min_samples_split=25; min_samples_leaf=20; max_features=sqrt";0.6787535410764872;13
LUAD;RSF;5;2;"n_estimators=200; min_samples_split=25; min_samples_leaf=20; max_features=sqrt";0.7139868499701135;19
LUAD;RSF;5;3;"n_estimators=200; min_samples_split=25; min_samples_leaf=20; max_features=sqrt";0.7040586245772266;12
LUAD;RSF;5;1;"n_estimators=200; min_samples_split=25; min_samples_leaf=20; max_features=5";0.6713881019830028;13
LUAD;RSF;5;2;"n_estimators=200; min_samples_split=25; min_samples_leaf=20; max_features=5";0.7077106993424985;19
LUAD;RSF;5;3;"n_estimators=200; min_samples_split=25; min_samples_leaf=20; max_features=5";0.7125140924464487;12
LUAD;GBSA;1;1;"n_estimators=100; learning_rate=0.01; max_depth=1; subsample=0.7";0.6781524926686217;15
LUAD;GBSA;1;2;"n_estimators=100; learning_rate=0.01; max_depth=1; subsample=0.7";0.7197122302158273;15
LUAD;GBSA;1;3;"n_estimators=100; learning_rate=0.01; max_depth=1; subsample=0.7";0.6635229251305862;14
LUAD;GBSA;1;1;"n_estimators=100; learning_rate=0.01; max_depth=2; subsample=0.7";0.6557184750733138;15
LUAD;GBSA;1;2;"n_estimators=100; learning_rate=0.01; max_depth=2; subsample=0.7";0.7096402877697842;15
LUAD;GBSA;1;3;"n_estimators=100; learning_rate=0.01; max_depth=2; subsample=0.7";0.673244341265235;14
LUAD;GBSA;1;1;"n_estimators=100; learning_rate=0.02; max_depth=1; subsample=0.7";0.6681818181818182;15
LUAD;GBSA;1;2;"n_estimators=100; learning_rate=0.02; max_depth=1; subsample=0.7";0.7224460431654677;15
LUAD;GBSA;1;3;"n_estimators=100; learning_rate=0.02; max_depth=1; subsample=0.7";0.6623621590249564;14
LUAD;GBSA;1;1;"n_estimators=100; learning_rate=0.02; max_depth=2; subsample=0.7";0.6451612903225806;15
LUAD;GBSA;1;2;"n_estimators=100; learning_rate=0.02; max_depth=2; subsample=0.7";0.717410071942446;15
LUAD;GBSA;1;3;"n_estimators=100; learning_rate=0.02; max_depth=2; subsample=0.7";0.67382472431805;14
LUAD;GBSA;1;1;"n_estimators=150; learning_rate=0.01; max_depth=1; subsample=0.7";0.680791788856305;15
LUAD;GBSA;1;2;"n_estimators=150; learning_rate=0.01; max_depth=1; subsample=0.7";0.7129496402877697;15
LUAD;GBSA;1;3;"n_estimators=150; learning_rate=0.01; max_depth=1; subsample=0.7";0.6749854904236796;14
LUAD;GBSA;1;1;"n_estimators=150; learning_rate=0.01; max_depth=2; subsample=0.7";0.6595307917888563;15
LUAD;GBSA;1;2;"n_estimators=150; learning_rate=0.01; max_depth=2; subsample=0.7";0.7041726618705036;15
LUAD;GBSA;1;3;"n_estimators=150; learning_rate=0.01; max_depth=2; subsample=0.7";0.6807893209518282;14
LUAD;GBSA;1;1;"n_estimators=150; learning_rate=0.02; max_depth=1; subsample=0.7";0.6741935483870968;15
LUAD;GBSA;1;2;"n_estimators=150; learning_rate=0.02; max_depth=1; subsample=0.7";0.7179856115107913;15
LUAD;GBSA;1;3;"n_estimators=150; learning_rate=0.02; max_depth=1; subsample=0.7";0.6684561810795124;14
LUAD;GBSA;1;1;"n_estimators=150; learning_rate=0.02; max_depth=2; subsample=0.7";0.6451612903225806;15
LUAD;GBSA;1;2;"n_estimators=150; learning_rate=0.02; max_depth=2; subsample=0.7";0.7041726618705036;15
LUAD;GBSA;1;3;"n_estimators=150; learning_rate=0.02; max_depth=2; subsample=0.7";0.6761462565293094;14
LUAD;GBSA;2;1;"n_estimators=100; learning_rate=0.01; max_depth=1; subsample=0.7";0.648664013644116;20
LUAD;GBSA;2;2;"n_estimators=100; learning_rate=0.01; max_depth=1; subsample=0.7";0.6902822228687809;17
LUAD;GBSA;2;3;"n_estimators=100; learning_rate=0.01; max_depth=1; subsample=0.7";0.7146517937895689;17
LUAD;GBSA;2;1;"n_estimators=100; learning_rate=0.01; max_depth=2; subsample=0.7";0.6662876634451392;20
LUAD;GBSA;2;2;"n_estimators=100; learning_rate=0.01; max_depth=2; subsample=0.7";0.6866453302298516;17
LUAD;GBSA;2;3;"n_estimators=100; learning_rate=0.01; max_depth=2; subsample=0.7";0.7452517334941212;17
LUAD;GBSA;2;1;"n_estimators=100; learning_rate=0.02; max_depth=1; subsample=0.7";0.6645821489482661;20
LUAD;GBSA;2;2;"n_estimators=100; learning_rate=0.02; max_depth=1; subsample=0.7";0.6808263020075648;17
LUAD;GBSA;2;3;"n_estimators=100; learning_rate=0.02; max_depth=1; subsample=0.7";0.7129936689779922;17
LUAD;GBSA;2;1;"n_estimators=100; learning_rate=0.02; max_depth=2; subsample=0.7";0.6597498578737919;20
LUAD;GBSA;2;2;"n_estimators=100; learning_rate=0.02; max_depth=2; subsample=0.7";0.6886819901076521;17
LUAD;GBSA;2;3;"n_estimators=100; learning_rate=0.02; max_depth=2; subsample=0.7";0.7437443473017787;17
LUAD;GBSA;2;1;"n_estimators=150; learning_rate=0.01; max_depth=1; subsample=0.7";0.6546333143831723;20
LUAD;GBSA;2;2;"n_estimators=150; learning_rate=0.01; max_depth=1; subsample=0.7";0.6806808263020075;17
LUAD;GBSA;2;3;"n_estimators=150; learning_rate=0.01; max_depth=1; subsample=0.7";0.7148025324088031;17
LUAD;GBSA;2;1;"n_estimators=150; learning_rate=0.01; max_depth=2; subsample=0.7";0.6742467310972143;20
LUAD;GBSA;2;2;"n_estimators=150; learning_rate=0.01; max_depth=2; subsample=0.7";0.6875181844631947;17
LUAD;GBSA;2;3;"n_estimators=150; learning_rate=0.01; max_depth=2; subsample=0.7";0.7455532107325897;17
LUAD;GBSA;2;1;"n_estimators=150; learning_rate=0.02; max_depth=1; subsample=0.7";0.6728254690164867;20
LUAD;GBSA;2;2;"n_estimators=150; learning_rate=0.02; max_depth=1; subsample=0.7";0.6723887110852488;17
LUAD;GBSA;2;3;"n_estimators=150; learning_rate=0.02; max_depth=1; subsample=0.7";0.7129936689779922;17
LUAD;GBSA;2;1;"n_estimators=150; learning_rate=0.02; max_depth=2; subsample=0.7";0.6606026151222285;20
LUAD;GBSA;2;2;"n_estimators=150; learning_rate=0.02; max_depth=2; subsample=0.7";0.6910096013965668;17
LUAD;GBSA;2;3;"n_estimators=150; learning_rate=0.02; max_depth=2; subsample=0.7";0.7443473017787157;17
LUAD;GBSA;3;1;"n_estimators=100; learning_rate=0.01; max_depth=1; subsample=0.7";0.6412524571749508;20
LUAD;GBSA;3;2;"n_estimators=100; learning_rate=0.01; max_depth=1; subsample=0.7";0.6262626262626263;13
LUAD;GBSA;3;3;"n_estimators=100; learning_rate=0.01; max_depth=1; subsample=0.7";0.6466456422018348;19
LUAD;GBSA;3;1;"n_estimators=100; learning_rate=0.01; max_depth=2; subsample=0.7";0.6433586071328279;20
LUAD;GBSA;3;2;"n_estimators=100; learning_rate=0.01; max_depth=2; subsample=0.7";0.6842712842712843;13
LUAD;GBSA;3;3;"n_estimators=100; learning_rate=0.01; max_depth=2; subsample=0.7";0.6502293577981652;19
LUAD;GBSA;3;1;"n_estimators=100; learning_rate=0.02; max_depth=1; subsample=0.7";0.6422353271552934;20
LUAD;GBSA;3;2;"n_estimators=100; learning_rate=0.02; max_depth=1; subsample=0.7";0.6379509379509379;13
LUAD;GBSA;3;3;"n_estimators=100; learning_rate=0.02; max_depth=1; subsample=0.7";0.6430619266055045;19
LUAD;GBSA;3;1;"n_estimators=100; learning_rate=0.02; max_depth=2; subsample=0.7";0.6416736871665263;20
LUAD;GBSA;3;2;"n_estimators=100; learning_rate=0.02; max_depth=2; subsample=0.7";0.6738816738816739;13
LUAD;GBSA;3;3;"n_estimators=100; learning_rate=0.02; max_depth=2; subsample=0.7";0.6465022935779816;19
LUAD;GBSA;3;1;"n_estimators=150; learning_rate=0.01; max_depth=1; subsample=0.7";0.6409716371805673;20
LUAD;GBSA;3;2;"n_estimators=150; learning_rate=0.01; max_depth=1; subsample=0.7";0.6339105339105339;13
LUAD;GBSA;3;3;"n_estimators=150; learning_rate=0.01; max_depth=1; subsample=0.7";0.6459288990825688;19
LUAD;GBSA;3;1;"n_estimators=150; learning_rate=0.01; max_depth=2; subsample=0.7";0.648132547037349;20
LUAD;GBSA;3;2;"n_estimators=150; learning_rate=0.01; max_depth=2; subsample=0.7";0.6805194805194805;13
LUAD;GBSA;3;3;"n_estimators=150; learning_rate=0.01; max_depth=2; subsample=0.7";0.643348623853211;19
LUAD;GBSA;3;1;"n_estimators=150; learning_rate=0.02; max_depth=1; subsample=0.7";0.6461668070766639;20
LUAD;GBSA;3;2;"n_estimators=150; learning_rate=0.02; max_depth=1; subsample=0.7";0.6441558441558441;13
LUAD;GBSA;3;3;"n_estimators=150; learning_rate=0.02; max_depth=1; subsample=0.7";0.6444954128440367;19
LUAD;GBSA;3;1;"n_estimators=150; learning_rate=0.02; max_depth=2; subsample=0.7";0.6486941870261163;20
LUAD;GBSA;3;2;"n_estimators=150; learning_rate=0.02; max_depth=2; subsample=0.7";0.6776334776334776;13
LUAD;GBSA;3;3;"n_estimators=150; learning_rate=0.02; max_depth=2; subsample=0.7";0.6430619266055045;19
LUAD;GBSA;4;1;"n_estimators=100; learning_rate=0.01; max_depth=1; subsample=0.7";0.7695997807017544;12
LUAD;GBSA;4;2;"n_estimators=100; learning_rate=0.01; max_depth=1; subsample=0.7";0.6626820555097555;11
LUAD;GBSA;4;3;"n_estimators=100; learning_rate=0.01; max_depth=1; subsample=0.7";0.7206106870229008;22
LUAD;GBSA;4;1;"n_estimators=100; learning_rate=0.01; max_depth=2; subsample=0.7";0.7538377192982456;12
LUAD;GBSA;4;2;"n_estimators=100; learning_rate=0.01; max_depth=2; subsample=0.7";0.654850233580654;11
LUAD;GBSA;4;3;"n_estimators=100; learning_rate=0.01; max_depth=2; subsample=0.7";0.7019847328244275;22
LUAD;GBSA;4;1;"n_estimators=100; learning_rate=0.02; max_depth=1; subsample=0.7";0.7649396929824561;12
LUAD;GBSA;4;2;"n_estimators=100; learning_rate=0.02; max_depth=1; subsample=0.7";0.6578730420445177;11
LUAD;GBSA;4;3;"n_estimators=100; learning_rate=0.02; max_depth=1; subsample=0.7";0.7230534351145038;22
LUAD;GBSA;4;1;"n_estimators=100; learning_rate=0.02; max_depth=2; subsample=0.7";0.7593201754385965;12
LUAD;GBSA;4;2;"n_estimators=100; learning_rate=0.02; max_depth=2; subsample=0.7";0.665430063204177;11
LUAD;GBSA;4;3;"n_estimators=100; learning_rate=0.02; max_depth=2; subsample=0.7";0.6995419847328245;22
LUAD;GBSA;4;1;"n_estimators=150; learning_rate=0.01; max_depth=1; subsample=0.7";0.7683662280701754;12
LUAD;GBSA;4;2;"n_estimators=150; learning_rate=0.01; max_depth=1; subsample=0.7";0.6505908216543006;11
LUAD;GBSA;4;3;"n_estimators=150; learning_rate=0.01; max_depth=1; subsample=0.7";0.7221374045801526;22
LUAD;GBSA;4;1;"n_estimators=150; learning_rate=0.01; max_depth=2; subsample=0.7";0.7510964912280702;12
LUAD;GBSA;4;2;"n_estimators=150; learning_rate=0.01; max_depth=2; subsample=0.7";0.6545754328112119;11
LUAD;GBSA;4;3;"n_estimators=150; learning_rate=0.01; max_depth=2; subsample=0.7";0.7019847328244275;22
LUAD;GBSA;4;1;"n_estimators=150; learning_rate=0.02; max_depth=1; subsample=0.7";0.7563048245614035;12
LUAD;GBSA;4;2;"n_estimators=150; learning_rate=0.02; max_depth=1; subsample=0.7";0.6521022258862325;11
LUAD;GBSA;4;3;"n_estimators=150; learning_rate=0.02; max_depth=1; subsample=0.7";0.7297709923664122;22
LUAD;GBSA;4;1;"n_estimators=150; learning_rate=0.02; max_depth=2; subsample=0.7";0.7491776315789473;12
LUAD;GBSA;4;2;"n_estimators=150; learning_rate=0.02; max_depth=2; subsample=0.7";0.6619950535861501;11
LUAD;GBSA;4;3;"n_estimators=150; learning_rate=0.02; max_depth=2; subsample=0.7";0.6888549618320611;22
LUAD;GBSA;5;1;"n_estimators=100; learning_rate=0.01; max_depth=1; subsample=0.7";0.7185552407932011;13
LUAD;GBSA;5;2;"n_estimators=100; learning_rate=0.01; max_depth=1; subsample=0.7";0.7389420203227735;19
LUAD;GBSA;5;3;"n_estimators=100; learning_rate=0.01; max_depth=1; subsample=0.7";0.7319616685456595;12
LUAD;GBSA;5;1;"n_estimators=100; learning_rate=0.01; max_depth=2; subsample=0.7";0.7101983002832861;13
LUAD;GBSA;5;2;"n_estimators=100; learning_rate=0.01; max_depth=2; subsample=0.7";0.7492528392109982;19
LUAD;GBSA;5;3;"n_estimators=100; learning_rate=0.01; max_depth=2; subsample=0.7";0.7153325817361894;12
LUAD;GBSA;5;1;"n_estimators=100; learning_rate=0.02; max_depth=1; subsample=0.7";0.7208215297450425;13
LUAD;GBSA;5;2;"n_estimators=100; learning_rate=0.02; max_depth=1; subsample=0.7";0.7305738194859533;19
LUAD;GBSA;5;3;"n_estimators=100; learning_rate=0.02; max_depth=1; subsample=0.7";0.7309751972942503;12
LUAD;GBSA;5;1;"n_estimators=100; learning_rate=0.02; max_depth=2; subsample=0.7";0.7127478753541077;13
LUAD;GBSA;5;2;"n_estimators=100; learning_rate=0.02; max_depth=2; subsample=0.7";0.7322175732217573;19
LUAD;GBSA;5;3;"n_estimators=100; learning_rate=0.02; max_depth=2; subsample=0.7";0.7153325817361894;12
LUAD;GBSA;5;1;"n_estimators=150; learning_rate=0.01; max_depth=1; subsample=0.7";0.7161473087818697;13
LUAD;GBSA;5;2;"n_estimators=150; learning_rate=0.01; max_depth=1; subsample=0.7";0.74581589958159;19
LUAD;GBSA;5;3;"n_estimators=150; learning_rate=0.01; max_depth=1; subsample=0.7";0.7282976324689966;12
LUAD;GBSA;5;1;"n_estimators=150; learning_rate=0.01; max_depth=2; subsample=0.7";0.7101983002832861;13
LUAD;GBSA;5;2;"n_estimators=150; learning_rate=0.01; max_depth=2; subsample=0.7";0.750448296473401;19
LUAD;GBSA;5;3;"n_estimators=150; learning_rate=0.01; max_depth=2; subsample=0.7";0.7181510710259301;12
LUAD;GBSA;5;1;"n_estimators=150; learning_rate=0.02; max_depth=1; subsample=0.7";0.7107648725212464;13
LUAD;GBSA;5;2;"n_estimators=150; learning_rate=0.02; max_depth=1; subsample=0.7";0.7428272564255828;19
LUAD;GBSA;5;3;"n_estimators=150; learning_rate=0.02; max_depth=1; subsample=0.7";0.7288613303269448;12
LUAD;GBSA;5;1;"n_estimators=150; learning_rate=0.02; max_depth=2; subsample=0.7";0.7116147308781869;13
LUAD;GBSA;5;2;"n_estimators=150; learning_rate=0.02; max_depth=2; subsample=0.7";0.7369994022713688;19
LUAD;GBSA;5;3;"n_estimators=150; learning_rate=0.02; max_depth=2; subsample=0.7";0.7198421645997746;12
